Título;Visitas;Fecha de subida
This Stunt Broke A World Record - Casino Royale;3093;20/08/2026
It Follows (2014) Came From A Real Nightmare;99506;20/08/2026
When You Forget To Bring A Backup - Bullet Train;27216;19/08/2026
Insurance Companies Blacklisted Jackie Chan;42576;19/08/2026
The Accident That Made The Final Cut;527599;19/08/2026
The Mirror Shot In Contact (1997) Is Mind-Blowing;276303;18/08/2026
He Noticed Something Was Off - Shutter Island;1987421;18/08/2026
Growing Up With A Brother In One Clip - Gummo 1997;57025;18/08/2026
That Face Ripple Was 100% Practical Project Power;125601;18/08/2026
Jackie Chan Jumped Down 10 Stories At 52 Years Old;1812586;18/08/2026
Kylo Ren Had The Most Terrifying Entrance;1400844;17/08/2026
The Weapon That Defines Anton Chigurh;44020;17/08/2026
The Katana Stopped Half An Inch Away From His Neck;155570;17/08/2026
Bruce Payne Stole This Scene Without Speaking;66749;16/08/2026
The Narrator Did This To Get Rid of Tyler;3583200;16/08/2026
When Horror Movie Characters Have Common Sense;62680;16/08/2026
He Finally Stared At The Baba Yaga - John Wick;520194;15/08/2026
The Bullet Realism In John Wick: Chapter 3;9742143;15/08/2026
The Realism Behind Ammo Tracking In John Wick 2;4183052;15/08/2026
Why John Press Checks His Kimber - John Wick 2;7542666;15/08/2026
They Let Her Jump Off The 2nd Tallest Building;512634;14/08/2026
Every TV Stereotype Parodied In Shrek 2 (2004);65296;14/08/2026
He Made The Smartest Decision of His Life The Town;32914;14/08/2026
Why Hesitation Is The Worst Reaction - Eddington;347480;14/08/2026
Why The Cast Of Apocalypto (2006) Felt So Real;1281012;14/08/2026
Not Feeling Pain Isn't A Superpower - Novocaine;7005425;13/08/2026
Aragorn's Sword Fights Were Vader Coded;39342;13/08/2026
The Coldest Flex In Movie History - John Wick 2;3161118;13/08/2026
The Toughest Henchman In John Wick 2;23223350;13/08/2026
Hunting Jaguar Paw On His Own Ground Was A Mistake;951807;12/08/2026
Vikings Mistook An Alien For A Dragon In Outlander;2255878;12/08/2026
The Coldest Single-Word Line In Ahsoka (2023);80328;11/08/2026
Apocalypto Is A Criminally Underrated Masterpiece;2948550;11/08/2026
Weird Al's Rambo Parody In UHF (1989) Is So Spot-On;12461;11/08/2026
Christopher Lloyd Is Built Different - Nobody;1102864;11/08/2026
Which Spider-Man Was Actually Better?;75114;11/08/2026
The Darkest Moment In Movie History - The Crow;1642650;10/08/2026
She Took Off Her Wig On Stage - Nebula From GoTG;136178;10/08/2026
This Accident Stayed In The Film;298149;10/08/2026
Shia LaBeouf Caught Patrick Dempsey Off Guard;6231834;10/08/2026
One Bullet Against An Ancient God - The Ritual;4738492;09/08/2026
Bill Hader In Barry (2018) Is So Underrated;59588;09/08/2026
He Stopped The Gun With His Pinky - Nobody;11472088;09/08/2026
In Nobody He Strapped A Claymore To A Glass Shield;7456202;09/08/2026
Robin Williams Wanted To Eat Himself;91149;08/08/2026
The Failed Skill Check That Nuked Shady Sands;56208;08/08/2026
Everybodys Gangster Till The He Does This - Nobody;4705302;08/08/2026
Tobey Almost Crashed Out On Tom - No Way Home;178678;08/08/2026
Tom Holland Met Henry Cavill At A Urinal At Age 11;55576;08/08/2026
The Avengers Infinity War Detail Nobody Noticed;42129;08/08/2026
The 10,000-Foot Plane Stunt - Dark Knight Rises;55517;07/08/2026
Dwarven Tech Built To Destroy Arrows - The Hobbit;111706;07/08/2026
Tyson's Uppercut Would've Ended Donnie Yen Ip Man;72813;07/08/2026
This Was Supposed To Be Sam's Line - Supernatural;46874;07/08/2026
Book Detail That Makes Katniss's Final Shot Epic;77514;06/08/2026
Stuntmen Really Deserve An Oscar - Spider Man 4;40469;06/08/2026
War of the Worlds Created Sci-Fi's Scariest Sound;34639;06/08/2026
The Original Ghost Rider In Ghost Rider (2007);61024;05/08/2026
Jacob, Zendaya & Tom Couldn't Finish This Scene;30085;05/08/2026
Filming This Scene In No Way Home Was Difficult;36045;05/08/2026
Tom Holland's Genuine Reaction To Willem Dafoe;175490;04/08/2026
Medusa Has A Sad Backstory In Clash of the Titans;58084;04/08/2026
A $500,000 IMAX Camera Got Destroyed;8351933;04/08/2026
Keanu Reeves' Stuntman Is A Legend - John Wick 3;9181176;04/08/2026
Eddie Was Completely Vaporized In Spider-Man 3;7191534;03/08/2026
Nolan Pushed Anne Hathaway To Do Her Own Stunts;17197273;03/08/2026
Anne Hathaway Did Her Stunts The Dark Knight Rises;73303;03/08/2026
Keanu Called This Stuntman A Legend - John Wick;39078822;03/08/2026
The Marquis Was Doomed Either Way - John Wick 4;14997197;03/08/2026
Samuel Jackson Got Too Hungry To Act - Spiderman;53326;02/08/2026
Ledger Refused A Stunt Double For This;90662;02/08/2026
Bane's Voice Before It Got Re-Done Airplane Scene;176582;01/08/2026
Nicholas Cage Got Blindsided By His Own Cameo;3089812;01/08/2026
Ryan Reynolds Tanked A Real Fighter's Punch;4995546;01/08/2026
Nicholas Cage Trained Hard & Nobody Believed It;52546;01/08/2026
Watch The Goblin's Mouth Here - Spiderman (2002);73283;01/08/2026
The Goblin Held Back On Spider-Man;104535;31/07/2026
The Ultimate John Wick Flex;6968494;31/07/2026
Nicolas Cage's Most Intense Scene - Ghost Rider;624726;31/07/2026
Cillian Murphy Didnt Like How He Said This Line;47335;31/07/2026
Explosion Scene With The Joker - Deleted Scene;1206451;30/07/2026
Anne Hathaway Killer To Victim In Seconds;58331;30/07/2026
Jonathan Bailey Farted On Scarlett Johansson;245376;30/07/2026
Norman Took Back Control At The End - Spider-Man;132101;30/07/2026
Ryan Gosling Is The Perfect Choice For Ghost Rider;1483333;29/07/2026
How Did Harvey Not Recognize Him - Joker;88647;29/07/2026
The Scene That Cost Jake Gyllenhaal 46 Stitches;60753;29/07/2026
Improvised Moment That Scared The Set - Prisoner;422394;29/07/2026
Can Ryan Gosling Top Nicolas Cage's Ghost Rider?;3602802;28/07/2026
How Did Nolan Hide The Camera In Inception (2010);106114;28/07/2026
The Story Behind The Elevator Kiss In Drive (2011);37780;28/07/2026
The Custom Jacket Change In Ghost Protocol (2011);170412;27/07/2026
How Nolan Filmed The Cliff Fall In Batman Begins;72880;27/07/2026
Nolan Filmed This Batman Scene On A Real Cliff;34784;27/07/2026
Spider-Man vs Green Goblin - Spider-Man (2002);40453;27/07/2026
The Worst Rock Throw In Game Of Thrones;90253;26/07/2026
That Chopper Wasn't Originally Part Of The Scene;109662;25/07/2026
Ryan Gosling Says What He Wants - Interview;89379;25/07/2026
Jim Carrey Broke The Background Actors;89342;24/07/2026
The Deleted Krypto Scene You Missed Superman 2025;3013790;24/07/2026
He Knew To Leave Immediately - Nobody (2021);14528799;23/07/2026
They Gave Him One Line, He Gave Them This;100063;23/07/2026
Ledger Ignored Nolan & Nailed It - The Dark Knight;39702161;23/07/2026
Johnny Depp Scammed 19 yr old Leonardo DiCaprio 😂;3250823;22/07/2026
The No Way Home Scene You Never Saw Deleted Scene;35161;22/07/2026
The Role That Put DiCaprio On The Map;41137;21/07/2026
Tom Cruise Spent 5 Months Preparing For This Scene;9949697;21/07/2026
Thor's Reaction Is Only The Beginning;38815;21/07/2026
He Ate This Crash At 50 Years Old;46279;20/07/2026
James Gunn's Sneaky Superman Height Trick;28384;20/07/2026
Tom Cruise Refused A Stunt Double For This Scene;31727;20/07/2026
Ryan Gosling Felt Like A Real Stunt Man;38025;19/07/2026
This Scene In Obsession (2026) Is So Unsettling;45324;14/07/2026
Gosling Faced His Fear For This Scene The Fall Guy;13596196;14/07/2026
Arcadian's (2024) Monsters Were Inspired By Goofy;36783;14/07/2026
The Monsters In Arcadian (2024) Are So Creepy;43528;14/07/2026
The Alien Monsters In Arcadian Are Insane;34418;14/07/2026
Chris Pine Pitched This Hilarious Scene D&D;39183;14/07/2026
The Lystrosaur Just Wanted To Pitch In;40712;13/07/2026
She Was Already Dying Before The Tribe;41596;13/07/2026
Ian Had Every Right To Make That Wish;41735;12/07/2026
Bear Is The Most Selfish Character Ever Obsession;433047;12/07/2026
The Prank Michael J. Fox Didn't See Coming;35410;12/07/2026
Ben Affleck Broke His Ankle And Kept Going;17688;12/07/2026
The Practical Tricks Behind Superman 1978;46164;11/07/2026
The Time Harrison Ford Locked Spielberg In A Tomb;30883;11/07/2026
Where The One Wish Willow Came From - Obsession;33501;10/07/2026
Obsession (2026) Almost Had A Different Ending;297708;10/07/2026
The Detail Behind This Fantastic Four Scene;35724;10/07/2026
How Absorbing Man Beats Any Weapon;16551;10/07/2026
The Real Reason Warlock Underwhelmed - GoTG Vol 3;8180;09/07/2026
The John Wick 4 Detail That Says It All;52319;09/07/2026
Why This Hulk Scene Is So Unique - Hulk (2003);49568;09/07/2026
Ang Lee's Genius Hulk Detail - Hulk 2003;22543;09/07/2026
The Most Wholesome Moment In The Boys - Baptism;12742;08/07/2026
The Funniest Detail In X-Men The Last Stand (2006);40415;08/07/2026
The Real Couple Behind This Titanic Scene;31259;08/07/2026
Johnny Depp Made This Up On The Spot - Dead Mans Chest;35984;08/07/2026
Deadpool Meets The Hulk - Deadpool & Wolverine;38142;07/07/2026
The Snake Scene In Six Days, Seven Nights (1998);18231;07/07/2026
Harrison Ford Got Way Too Carried Away;38385;07/07/2026
Ron Weasley Is An Absolute Disaster Wizard;14967;07/07/2026
This Movie Detail Makes Rocky So Much Better;10177;07/07/2026
The Kill Bill Whistle Wasn't Scripted;15966;07/07/2026
Jim Carrey Couldn't Handle This Scene - Liar Liar;40649;07/07/2026
He Ran So Fast He Almost Ended The Movie - Terminator 2;33266;06/07/2026
Rocky Missed The Lesson On Boundaries - PHM (2026);8367;06/07/2026
Gogo Lost Because She Showed Off - Kill Bill Vol 1;15711;06/07/2026
The Bone Cage Was Completely Real;5100;06/07/2026
Patrick Swayze Went Off-Script Here;17910;06/07/2026
How Did They Even Finish This Movie?;15368;05/07/2026
The Other Guys (2010) Scene vs Blooper;53967;05/07/2026
James McAvoy's Insane Transformation In Split 2016;26263;05/07/2026
John Cena Broke Over His Own Line - Fast 9;22720;05/07/2026
Why The Minions Were Stuck In An Ice Cave;16679;05/07/2026
Dafoe's Worst Day On The Platoon Set;123183;04/07/2026
Skeletor 2026 vs Skeletor 1983;10370;04/07/2026
Willem Dafoe & Charlie Sheen In Platoon 1986;10156;03/07/2026
His Final Prayer Wasn't For Himself - Silence;41286;03/07/2026
Look Closely At The Crowd In Gladiator (2000);109996;03/07/2026
These Giants Are Terrifyingly Fast;28954;03/07/2026
Silence (2016) Water Crucifix Scene;34756;03/07/2026
How Jared Leto Made Skeletor's Voice - Masters of The Universe;44337;02/07/2026
Jared Leto Got Left Out On Purpose - Masters of The Universe;34895;02/07/2026
Roar Is The Most Dangerous Film Ever;8259;02/07/2026
The Most Casual Shot In Supernatural;12690;02/07/2026
Why Nolan Crashed A Real Boeing 747 in Tenet;7334;02/07/2026
Emma Watson Memorized Everyone's Lines;1666;02/07/2026
The Movie That Changed Gene Kelly's Career;2155;01/07/2026
This Dance Scene Was Thought To Be Impossible;12173;01/07/2026
John Cena's Most Iconic Meme Moment;59445;01/07/2026
The Most Wholesome GotG Vol 3 Moment Ever;31745;01/07/2026
This Spider-Man Cameo Is Crazy - Messi & Spiderman;12277;30/06/2026
The Batman (2022) Crashed A Real Car On Set - Church Scene;10222;30/06/2026
They Need To Bring Back Animated Bloopers - Toy Story 2;6133;30/06/2026
Pixar's Best Idea Was Fake Bloopers - Toy Story 2;6601;30/06/2026
No Wonder Superman's Flying Was So Clean;33724;29/06/2026
Superman's Floating Was Done For Real - Justice League;51737;29/06/2026
Padmé’s Rejection Outfit In Star Wars: Episode II;10979;29/06/2026
Padme Rejected Anakin In THIS outfit Star Wars: Episode II - Attack of the Clones (2002);2803;29/06/2026
Colin Farrell Broke During This Daredevil Scene;19054;29/06/2026
Green-Screen Horse Blooper With Orlando Bloom - The Hobbit;40676;29/06/2026
He Clenched His Jaw To Avoid Breaking Character In 21 Jump Street (2012) 😂;35050;28/06/2026
Willem Dafoe Went Off-Script - No Way Home;24713;28/06/2026
Wesley Snipes Eyes Were CGI - Blade Trinity;14763;28/06/2026
The Math Proves Padmé Is Superhuman;58771;28/06/2026
The Face Woody Makes In Toy Story 2 (1999) Kills Me Every Time 😭;109826;27/06/2026
Jason Statham Couldn't This Line In Spy (2015);9564;27/06/2026
He Fought To Play Dumbledore Till The End;19794;27/06/2026
Jason Statham Completely Broke Character;21487;27/06/2026
No Words Needed: Pure Face Acting - Catching Fire;5760;27/06/2026
They Used Real Arrows In Throne of Blood;19938;26/06/2026
This Godzilla Moment Hits So Hard;64182;26/06/2026
The Pirates Scene That Took Forever At Worlds End;33859;26/06/2026
The Insane Animatronic In X-Men Origins: Wolverine;214542;26/06/2026
Hellboy 2 Shower Scene - Blooper vs Final Scene;25713;25/06/2026
Hellboy 2 Blooper vs Final Scene - Slap Scene;10244;25/06/2026
The Bone Cage Swing Was 100% Real Dead Mans Chest;32302;24/06/2026
Daniel Radcliffe's Wild Hidden Talent;27107;24/06/2026
Charlie Sheen Made This Look Easy;30577;23/06/2026
How Bombur Outran The Whole Cast - The Hobbit;213546;23/06/2026
The Dark Secret Curtis Kept Hidden - Snowpiercer;15473;23/06/2026
The Most Shocking Detail About The Protein Blocks;9475;23/06/2026
They Pranked Him With Hair - Big Lebowski;16105;23/06/2026
Sony Cut This Sand Man Deleted Scene - Spiderman 3;1000;23/06/2026
George Lucas' Interesting Star Wars Rule;48838;22/06/2026
The Lightsaber Duel Was Actually Slowed Down;30419;22/06/2026
Princess Diaries - Anne Hathaway Blooper Fall;58119;22/06/2026
Anne Hathaway Prop Drink Prank - Princess Diaries;4402;22/06/2026
Jackie Chan Had a Close Call - Rush Hour 3 Blooper;16353;22/06/2026
Jason Momoa Does A Maori Haka At Aquaman Premiere;31718;22/06/2026
Giancarlo Instantly Regretted Those Crackers - The Boys;33064;21/06/2026
Parents Really Didn't Read The Rating For Watchmen;145600;21/06/2026
Jensen Ackles Forgot His Line Supernatural Blooper;11308;20/06/2026
Antony Starr Can't Say Firecracker - The Boys;16765;20/06/2026
One Soda Can Ruined This Whole Take - The Boys;9049;20/06/2026
Chris Pratt Just Made The Dance Up - GOTG;478143;20/06/2026
Decades Later, Ray Park Still Has It;157783;19/06/2026
What These Lances Are Really Made Of - A Knight's Tale;15687;19/06/2026
The Lances Were Filled With Spaghetti;41084;19/06/2026
Channing Tatum’s Inspiration For The Gambit Accent;33653;18/06/2026
Deadpool Watching The Awkward Aftermath Play Out;30851;18/06/2026
Dean Really Said Too Much This Time - Supernatural;66049;18/06/2026
Sam's Stomach Had Other Plans - Supernatural Blooper;14401;18/06/2026
Josh Hutcherson Almost Played Spider-Man;32983;17/06/2026
The Fart Blooper Jensen Couldn't Survive - Supernatural;17033;17/06/2026
Jared Ripped His Pants Mid-Scene;9357;17/06/2026
The Hangover Punch That Was An Accident;42528;17/06/2026
They Ran So Differently In Insurgent (2015) 💀;1246166;16/06/2026
Someone Had To Animate This - Shrek 5;25173;16/06/2026
Did Princess Leia Actually Need Saving?;40934;15/06/2026
Mel Gibson's Real Jaguar Was No Joke - Apocalypto;35647;15/06/2026
That Time Mr Bean Completely Went Off The Rails;28046;15/06/2026
The Iron Man 2 Deleted Scene They Should've Kept;72481;15/06/2026
David Corenswet's Wild Superman Coincidence;17406;14/06/2026
Jenna Ortega's Wild Wednesday Coincidence;1034;14/06/2026
Stan Lee's Favorite DC Character - Krypton (2018);13606502;13/06/2026
Rush Hour 2's Bloopers Are Better Than The Movie;6195;13/06/2026
Charlie’s Reaction To Bella Is So Heartbreaking;2520;13/06/2026
The Pretty Woman (1990) Mistake You Can't Unsee;33400;12/06/2026
How Did They Even Finish Filming Jumanji (2019);7281;12/06/2026
The Fast X Bit Momoa Improvised;4630;12/06/2026
Chris Pratt Broke Amy Poehler Instantly;20545;12/06/2026
Robert Downey Jr.'s Weirdest Take In Due Date;56055;11/06/2026
Dylan O'Brien Blooper In The Scorch Trials;375484;11/06/2026
They Let Jim Carrey Improvise This - Fun With Dick And Jane Movie Blooper;1076;11/06/2026
Channing Tatum Broke Sandra And Brad Pitt;34576;11/06/2026
Same actor btw;45493;10/06/2026
Andy Whitfield's Last Words As Spartacus S1 E13;28347;10/06/2026
The Fart Ended This Whole Scene Parks & Recreation;20106;09/06/2026
The Improv That Got Cut From Rush Hour 2;30875;09/06/2026
Eva vs Rocky - Grace's Choice In Project Hail Mary;12476;08/06/2026
Fans Made A Live-Action Spider-Man Movie In 1969;28727;08/06/2026
The Take Nobody Could Finish - This Is 40;42791;08/06/2026
The Ruined Take That Was Too Good To Cut;36968;08/06/2026
Taika Waititi Improvised This Out Of Nowhere;37771;07/06/2026
The X-Men Take That Went Wrong - Jennifer Lawrence;69209;07/06/2026
Harry Potter Corrects Voldemort's Spell - Parody;1369360;06/06/2026
Behind the Scenes on Superman's (2025) Flight;47907;06/06/2026
Chris Pratt's Most Awkward Blooper - Passengers;5258318;05/06/2026
Agent K Doesn't Miss A Single Hit - Men In Black;38557;05/06/2026
Anakin's Approach In Ahsoka Is Terrifying;12110;04/06/2026
Brendan Fraser Passed Out On The Mummy Set;34074;03/06/2026
Supernatural Blooper Lives In My Head Rent Free;4571;03/06/2026
Get Out (2017) Reference In Obsession (2026);41048;03/06/2026
Viggo Mortensen's Insane Reflexes In LOTR;43054;03/06/2026
The Punisher Scene That Almost Went Wrong;60447;02/06/2026
Willem Dafoe's Wildest Movie Coincidence;26168;02/06/2026
Apex (2026) Is The Film Charlize Theron Loves Most;32104;01/06/2026
Kevin Hart Lost It Over One Screen;39500;01/06/2026
The Rock & Kevin Hart Cant Take Anything Seriously;4306;01/06/2026
The Funniest Supernatural Scream Ever;36522;31/05/2026
Vin Diesel Was Too Big For This Car -The Fast Saga;3676;31/05/2026
Did You Notice This Magneto Character Arc Detail?;14315707;31/05/2026
Jensen Ackles’ Liar Liar Reference In The Boys;129091;31/05/2026
Misha Collins vs Two Chaos Gremlins - Supernatural;35726;30/05/2026
Megan Fox & Shia Acted Like Siblings;93751;30/05/2026
Jensen Ackles Was the Ultimate On-Set Distraction;151931;30/05/2026
Jensen & Jared's Brotherly Energy Is Hilarious;29069;30/05/2026
What Ryan Reynolds Said About Michael Bay;33082;30/05/2026
Why Spider-Noir (2026) Looks Like An Old Movie;62021;29/05/2026
The Insane Real Explosion In Transformers 2;31335;29/05/2026
The Trick Behind Russell's Voice In Up (2009);869926;28/05/2026
They Chased A Toddler To Voice Boo In Monsters Inc;23263;28/05/2026
Vin Diesel Forgot His Line And It's Gold - Fast X;26816;27/05/2026
Why Momoa Threw A Tooth At Vin Diesel In Fast X;11650022;27/05/2026
Obi-Wan vs Darth Maul Star Wars The Phantom Menace;58618;26/05/2026
The Practical Effects Behind The Roadrunner Puppet;4672781;26/05/2026
The Absolute Realism of Leonardo DiCaprio's Acting;9469714;25/05/2026
Alan Tudyk Cooked Up Superman's Funniest Line;168842;24/05/2026
James Gunn Trolled The Internet As A Monkey;53166;24/05/2026
The Audio in This Scene Makes It 10x Worse 😭💀;20846;23/05/2026
Dark Truth Behind Godzilla’s Underdeveloped Form;6103162;23/05/2026
Carter Completely PANICKING in This Scene is GOLD;32737;23/05/2026
The Ending Smile Makes This Scene PERFECT;32858;22/05/2026
This Scene in The Boys (2026) Had Insane Aura;44568;22/05/2026
A-Train’s Warning To Homelander Just Came True;29219;22/05/2026
Antony Starr Unscripted Moment in The Boys;9539;22/05/2026
This Ben-Hur (1959) Accident Was Kept In;25526;22/05/2026
A-Train’s Warning To Homelander Just Came True;1933;21/05/2026
Ryan Gosling’s Concussion in First Man (2018);10450;21/05/2026
The Moving Mannequin in I Am Legend;451720;21/05/2026
The One Thing Too Evil For Homelander - The Boys;21390;20/05/2026
Antony Starr Instant Regret As Homelander;20166;20/05/2026
Homelander Blooper Eagle Chaos;11986;20/05/2026
Sam Witwer’s Kenobi! Scream Darth Maul Recording;1490148;19/05/2026
Hilarious Reason Why Black Noir is Narcoleptic;33754;19/05/2026
Homelander's Stressful Behind The Scenes Moment;32113;19/05/2026
Power Rangers Transitions Took Real Skill;10141;19/05/2026
Butcher Lost To A Leaf In The Boys - Blooper;19944;18/05/2026
Antony Starr Hilarious Blooper In The Boys;15728;18/05/2026
This Movie Let The Audience Decide The Ending;38388;18/05/2026
Apocalypto Was Built Without A Single Green Screen;31229;18/05/2026
A Real Cow Went Over The Apocalypto Waterfall;25957;16/05/2026
Daniel Radcliffe Thought Everyone Could Do This;33396;16/05/2026
The White Death Aura Farming In Bullet Train;36055;16/05/2026
Most Bizarre Thing Radcliffe Can Do With His Eyes;13373;16/05/2026
Marilyn Monroe & Clark Gable's Last Scene Together;9313;15/05/2026
The Real Story Behind Proximo's Death In Gladiator;14821;15/05/2026
Gladiator Used CGI To Honor Oliver Reed;15120;15/05/2026
Geoffrey Rush Lost His Hat Mid-Scene In Pirates;19949;15/05/2026
Andy Serkis Got Too Into Character In LOTR;32265;15/05/2026
Cleopatra 1963 Almost Bankrupted 20th Century Fox;26954;14/05/2026
The Real Horror Behind Afton's Springlock Death;16431;14/05/2026
How Return Of The King Shot Saruman's Body Sinking;5571751;14/05/2026
The Tiny Detail That Exposed Spies In WWII - Inglourious Basterds;35525;14/05/2026
Practical Magic of Spider-Man Brand New Day (2026);5938;14/05/2026
Storm Was The Biggest Threat To The Sentinels;17272;14/05/2026
1 In 1,000 Surgery Patients Experience This Awake;5735;14/05/2026
Terrifying Part Of X-Men: Days Of Future Past;12232;14/05/2026
Jack Black's Wildest School Of Rock Moment;8552;13/05/2026
When The Fire Scene Got Out Of Hand - Princess Diaries;38101;13/05/2026
The Funniest Homelander Blooper In The Boys;29279;13/05/2026
Anne Boleyn Was Distracted Before Her Final Moment;25139;13/05/2026
Interstellar's Black Hole Was Based On Real Science;6622;13/05/2026
Hilarious Black Noir Blooper In The Boys;22151;13/05/2026
The Smoothest Move Michael Jackson Ever Made;17391;13/05/2026
Lucy's Power Fist Should've Destroyed The Ghoul;4238;13/05/2026
Jim Carrey Still Thinks About Renée Zellweger;10081;12/05/2026
The Sweetest Scene In Miracle On 34th Street;608;12/05/2026
Ledger Took Real Punches For The Dark Knight;17479;12/05/2026
The Funniest Behind The Scenes Titanic Moment;22182;12/05/2026
Why Grace Reacts Like That In Project Hail Mary;39505011;12/05/2026
James Gunn Roasted Green Lantern's Haircut;27750;12/05/2026
Only One Person Could Truly Play Michael Jackson;14078;12/05/2026
Peter Looked Confused In Far From Home;27844;12/05/2026
He Tore Off His Beard At Worlds End Blooper;32214;11/05/2026
Daredevil Lost His Senses;17580;11/05/2026
Jensen Ackles Bulked Up For The Boys;7215;11/05/2026
The Agents Of S.H.I.E.L.D. Inconsistency;7728;11/05/2026
This Kid Established Dominance Over A Zombie;1047;11/05/2026
The Reacher Book Detail;11277;10/05/2026
This Scene Captures Cult Mentality Perfectly;3829;10/05/2026
Robin Williams Was Impressed With His Impression;27455;10/05/2026
Michael Jackson Woke His Team Up At 3 AM To Record;58890;10/05/2026
Clover Is Just A Baby In Cloverfield;328817;10/05/2026
Robert Patrick's Wild Terminator 2 Prep;17367;10/05/2026
A-Train's Speed Is Genuinely Terrifying;16773;09/05/2026
This Alice In Borderland Effect Looks Too Real;25056;09/05/2026
The Graham Norton Moment Robin Williams Stole;16431;09/05/2026
The Ladder Drop In Fall Was 100% Real;1646;09/05/2026
Daniel Radcliffe Worked With Real Snakes In Horns;34399;09/05/2026
Valorie Curry & The Milk Scene In The Boys;23356;08/05/2026
Tobey's Peter Hits Way Harder Than Tom's;13416;08/05/2026
Lucas Says This Anakin Moment Wasn't Foreshadowing;22688;08/05/2026
Harry Potter And The Chamber Of Farts - Bloopers;35239;08/05/2026
Harry Potter Cast Imagines Ron As An Oompa Loompa;7919;08/05/2026
Homelander Couldn't Say This Line In The Boys;25963;06/05/2026
Why Apocalypto (2006) Feels So Authentic;36622;06/05/2026
How They Filmed the Pyramid Fall in Apocalypto;14054758;06/05/2026
Robert Patrick's Incredible Dedication in Terminator 2 (1991);11538;06/05/2026
Why Cowboys & Aliens (2011) Was Truly Terrifying;44276;06/05/2026
Pure Happiness: Michael Jackson (1993);14552;05/05/2026
The Mission Impossible 2 Kick That Wasn't Faked;384738;04/05/2026
Jaafar Jackson Nailed the Michael Jackson Popcorn Meme;11651541;04/05/2026
Michael Jackson Kept Calling Rip Torn ZEKE;41330;04/05/2026
The Mission Impossible Fallout Take They Kept In;32041;03/05/2026
Tom Cruise Broke His Ankle in Mission Impossible Fallout;24000;03/05/2026
CGI in The Twilight Saga: Eclipse (2010);12651;03/05/2026
Michael Ceras Awkwardness Was Too Real In Superbad;43213;03/05/2026
Everyone Needs A Friend Like This - Jungle (2017);66716;03/05/2026
How Rocky Eats In The Book vs The Movie - Project Hail Mary;6849;03/05/2026
Rocky's Two Tap Habit In Project Hail Mary;13424;03/05/2026
Watch Rocky's Feet In Project Hail Mary;1738;03/05/2026
Ryan Gosling Improvised This In Project Hail Mary;13687;03/05/2026
The Best Parts In This Scene Weren't In The Script;16767;03/05/2026
Pixar Almost Killed Every Toy In Toy Story 3;15525;03/05/2026
Awkward Extras Made Dumb And Dumber's Best Scene;19522;03/05/2026
The World's End Used $100,000 Robot Heads;6419;02/05/2026
Michael 2026 Outsold Oppenheimer's Opening Weekend;17774;02/05/2026
Hollywood Built A 250 Pound Head For Doctor Training;5488;02/05/2026
How They Filmed Spider-Man's Swinging Scene;27882;02/05/2026
Disturbing Detail About A Quiet Place's Aliens;21992;02/05/2026
The Briefcase Guy Glitch in Doctor Strange 2;5069;02/05/2026
The Only Time Johnny Depp Asked For A Stunt Double;83683;01/05/2026
That Guy Saved Everyone In The Boys;21554;01/05/2026
The Rock Made The Wrong Pose On The Red Carpet;17133;01/05/2026
Magneto Acted Like The Cure Was Worse Than Death;18410;01/05/2026
Tom Hiddleston Was Always Meant To Be Loki;16498;01/05/2026
Gandalf Gets Sad While Filming;38510;01/05/2026
Jaafar Jackson 2 Year Transformation Into Michael;16433;01/05/2026
Three Broken Knuckles For One Spider-Man 3 Take;37703;30/04/2026
Real Fire Stunt In Hard Target;13385;30/04/2026
Robin Williams Visit With Koko The Gorilla Standup;11473;30/04/2026
Jared Leto Looks Like He's Being Coached;10189;30/04/2026
Bond Between Robin Williams & Koko The Gorilla;24111;30/04/2026
Tom Cruise Used A Real Knife Mission Impossible 2;5933;30/04/2026
Isn't Adamantium Supposed To Be Indestructible?;44123;30/04/2026
How Terence Hill Pulled Off Trinity's Bean Scene;13264;30/04/2026
Mike Myers Didn't Wear A Cup In Austin Powers;29557;29/04/2026
Alison Hammond Won Over Harrison Ford;7783;29/04/2026
The Texas Chainsaw Set Pushed The Cast To The Edge;4597;29/04/2026
A 20 Foot Giant Disappeared In Plain Sight In BFG;4365;29/04/2026
Enola Holmes Has A Survival Scene Most Movies Skip;12894;29/04/2026
Movie Magic In Project Hail Mary;6297;29/04/2026
Real Battlefield Logic Behind Fury's Sniper Scene;41926;28/04/2026
Ryan Gosling Might Be The Luckiest Man Alive;11469;28/04/2026
Spidey's Sticking Powers;4132;28/04/2026
Iron Man Covered His Face In Real Fear;6798;28/04/2026
Tarantino Destroyed An Entire Set For Django Unchained;54727;28/04/2026
Muhammad Ali Reaction To Rocky Surprised Stallone;17183;28/04/2026
The Promise Tarantino Made To Til Schweiger;31369;28/04/2026
The Only Reason Til Schweiger Did Inglourious Basterds;34054;28/04/2026
Marvel Extras Being Extra In Movies;69595;27/04/2026
The Deleted Iron Man 2 Scene With Olivia Munn;7980;27/04/2026
Kurt Russell's Reaction On Guardians Was Pure Legend;27020;27/04/2026
Wolverine Used Iceman As A Drink Cooler;20359;27/04/2026
The Time Bryan Cranston Trolled A Whole Convention;26487;27/04/2026
The Time Difference In Interstellar Is Wild;18728;27/04/2026
Nobody Noticed This Mistake In Batman: Under The Red Hood;12888;26/04/2026
Terminator 2 Left An Error In The Final Cut;26955;26/04/2026
Project Hail Mary Full Of Grace;13074;26/04/2026
How Project Hail Mary Made This Stunning Shot;2842;26/04/2026
That Phantom Menace Fall Was A Real 40-Foot Drop;5476;26/04/2026
They Made A CRAZY Prop for Daniel Radcliffe;531;26/04/2026
The Walking Dead Trilogy That Became A Miniseries;5158;26/04/2026
Keanu Held His Breath For A Minute Per Take In John Wick 3;15570;26/04/2026
Christian Bale Dropped To 110 Pounds For The Machinist;3089;26/04/2026
Paul Walker Wasn't Ready For This 2 Fast 2 Furious Moment;5543;26/04/2026
Rocky's Puppeteer Became Rocky's Voice In Project Hail Mary;5684337;25/04/2026
Daniel Radcliffe's Most Iconic Scene Was In Swiss Army Man;10182;25/04/2026
Transformers Marketed A Car That Didn't Exist Yet;41829;25/04/2026
John Krasinski Played The Monster In A Quiet Place;26023;25/04/2026
The Forbidden Fruit Hidden In Horns;3086;25/04/2026
Why Ryan Gosling Wears Glasses In Project Hail Mary;18764;25/04/2026
Keanu Reeves Rejected A Marvel Role For His Sister;40758;24/04/2026
Daniel Radcliffe Deep Prep For Kill Your Darlings;1520;24/04/2026
Daniel Radcliffe Worked With Real Snakes In Horns;12792;24/04/2026
The Swiss Army Man Makeup Did Half The Work;4340;24/04/2026
Radcliffe Burst Through A Ring Of Fire In Harry Potter;6402;24/04/2026
The Scene That Made Radcliffe Do Guns Akimbo;6792494;24/04/2026
The Lost City Props Team Pranked Daniel Radcliffe;3654472;23/04/2026
Daniel Radcliffe's Post-Potter Career Is Unhinged;775300;23/04/2026
Daniel Radcliffe's Prep For Imperium Was Wild;10549;23/04/2026
This Small Detail In The First Avenger Hits Hard;7423;23/04/2026
Breaking Bad Bought 20 Pizzas For One Throw;23129;23/04/2026
Nolan Crashed A Real 747 For Tenet;3919;23/04/2026
Spider-Sense Is Peaking In This Mysterio Scene;10571;23/04/2026
The Curb Stomp Scene Used An Apple For Sound;10058;23/04/2026
Jonah Hill's Career Blew Up;22809;22/04/2026
Tom Cruise Practiced A Year For His Screams In Edge Of Tomorrow;10388;22/04/2026
Johnny Depp Fell Into A Pit & Stayed In Character;36343;22/04/2026
This Is Why Korben Dallas Is A Cab Driver - The Fifth Element;17112;22/04/2026
Hayden Christensen Waited 20 Years For This Love;11815;22/04/2026
Stephen Colbert & Bruce Willis On Late Night Show;49274;22/04/2026
How India Shaped Gotham In The Dark Knight Rises;18705;22/04/2026
Times Square Was Actually Empty In Vanilla Sky;2399;22/04/2026
The Monkey Is Based On A Stephen King Story;32080;22/04/2026
Deadpool 2 Reference In Hobbs & Shaw (2019);8229;21/04/2026
Keanu Reeves Story That Proves He's The Nicest;31882;21/04/2026
Nolan Spent $205 Million Making Tenet;27858;21/04/2026
Jake Gyllenhaal's Toughest Role Was The Guilty;4348;21/04/2026
Roses Handprint Was Actually James Cameron Titanic;5030;21/04/2026
Arnold Was Genuinely Grossed Out On Total Recall;13297;21/04/2026
The Interview Went From Deep To Hilarious Ryan Gosling;47838;20/04/2026
The Anakin vs Dooku Training Session;7658;20/04/2026
Brad Pitt Surprised Tarantino With This One Line;8160;20/04/2026
Jason Statham Struggled With This Transporter 2 Scene;26236;20/04/2026
Buster Keaton Did This Insane Stunt In 1923;635;20/04/2026
Don't Worry, The Bug Is A Candy - Send Help (2026);9886;20/04/2026
Titanic Deleted Scene Rose On The Door In Water;8376;20/04/2026
The Sleeping Bag Was Jason's Final Answer -Jason X;484;20/04/2026
This Dark Knight Scene Came Straight From Ledger;29478;20/04/2026
Read The Room During The Bouquet Toss At Funeral;8331;20/04/2026
The Massive Setup Behind Sicario's Border Scene;8471;20/04/2026
Jack Black Nailed The Rock's Eyebrow At CinemaCon;9569;20/04/2026
The Horse That Chose Johnny Depp On Lone Ranger;204580;20/04/2026
They Shared Scenes But Never Saw Each Other On Set;33747;19/04/2026
Why Fackham Hall Was Rough For Jimmy Carr;6859;19/04/2026
The Diva In Fifth Element Actually Hit Those Notes;11958;19/04/2026
Aliens Can Hit Jets But Not A Bus In Resurgence;3239;19/04/2026
How They Did The Pigtail Swing In Matilda;16230;19/04/2026
He Got In The Way Of The Slap;19837;18/04/2026
Daniel Radcliffe Becomes A Farting Jetski;6487724;18/04/2026
Rue Is The Real Mockingjay;8007;18/04/2026
Andrew Garfield & Emma Stone Knew From Day One;7538;17/04/2026
Stallone Told Dolph To Hit Him For Real In Rocky IV;8706;17/04/2026
Arnolds Words Were Worth $21k Each In Terminator 2;22116;17/04/2026
How Many Tributes Actually Died? The Hunger Games;6822;17/04/2026
They Created The Suppressor For This Film - No Country For Old Men (2007);38243;17/04/2026
Tom Holland & Jake Gyllenhaal Became Bros;16146;16/04/2026
Emily Blunt Crashed With Tom Cruise In Edge Of Tomorrow;15551;16/04/2026
Thank Molly Ringwald For The Breakfast Club Dance;7620;16/04/2026
Smile Wasn't The First To Do The Creepy Grin;9248;16/04/2026
Zendaya's Reaction To A Young Euphoria Fan;15451;16/04/2026
Liam Hemsworth Talks About His Kissing Scenes With Jennifer Lawrence In Hunger Games;5639;16/04/2026
One Sentence Got Paul Dano Into Swiss Army Man;35751;15/04/2026
They Made A Fake Dummy Of Daniel Radcliffe - Swiss Army Man (2016);17917862;15/04/2026
This One Word Changed Everything In 28 Years Later;12992;15/04/2026
Samson Speaks in 28 Years Later Bone Temple (2026);10989;15/04/2026
Missed Detail: 28 Years Later Bone Temple (2026);6630;15/04/2026
They Cut Vader Being Funny In Empire Strikes Back;29342;15/04/2026
Robert Downey Jr Eating On Set Was Never Scripted;2122;15/04/2026
Lois Was Insulted By How Bad The Impression Was;14502;15/04/2026
This One Piece Scene Hits Different In Live Action;12263;15/04/2026
Young Leo Got On Depp's Nerves In Gilbert Grape;1178;14/04/2026
The Breed Accidentally Made A Funny Horror Scene;1286;14/04/2026
Prince Randian Did This With Just His Mouth;730;14/04/2026
The Original Django Met The New Django;36511;14/04/2026
Whoever Controls The Range Wins In Daredevil;37041;14/04/2026
Fight Club (1999) CGI Scene - David Fincher Perfectionist;10419;14/04/2026
Steamboat Willie Caught A Grenade In Saving Private Ryan;25007;13/04/2026
IMAX Shift Most People Never Noticed - Hunger Games: Catching Fire;7648;13/04/2026
Reaper Could've Survived In Ballad Of Songbirds & Snakes;6480;13/04/2026
Same Shot Different Feeling In The Hunger Games;27715;13/04/2026
Peeta Made The Smartest Move In The Hunger Games;5267;13/04/2026
Peeta's Smartest Moment In The Hunger Games;1133087;13/04/2026
John Wick Turned A Library Book Into A Weapon;20991;13/04/2026
This Gladiator Detail Goes Back Centuries;30635;13/04/2026
Why This Formation Destroyed Cavalry Charges;12108;13/04/2026
They Barely Held It Together In Meet The Spartans;27358;10/04/2026
Peeta's Pants Ripped In Catching Fire;5449;10/04/2026
Pixar Went Deep With Elastigirl's Insecurity;17987;10/04/2026
Mr Incredible Launched His Boss In The Incredibles;25115;10/04/2026
15,000 Real Soldiers For One Movie Waterloo (1970);49801;10/04/2026
Mockingjay Part 1 Almost Ended SO Differently!;6113;10/04/2026
Catwoman's Improv Made Adam West Forget His Job;40430;10/04/2026
When Bane's Mask Cracked In Dark Knight Rises;42859;10/04/2026
"He ""Saved"" Her From A Dog - The Breed (2006) Scene";9660;10/04/2026
Batman Was Cooked Without Supergirl In Brave And The Bold;12710;10/04/2026
Only Jack Sparrow Could Open A Movie Like This;5361;10/04/2026
The Handshake In Predator Was A Real Competition;4621;10/04/2026
A-Trains Character Arc In The Boys Season 5 Ep 1;14360;09/04/2026
That Time When Edna Mode Was At The Oscars (2005);2790;09/04/2026
Chris Pratt Winged The Most Iconic Scene in Guardians Of The Galaxy;10706;09/04/2026
How Doc Ock's Tentacles Worked In Spider Man 2;18221;09/04/2026
Small Detail In Spider Man: No Way Home;1244;09/04/2026
When A Nice Guy Plays A Villain This Well - Harry Potter Lucius Malfoy;538;09/04/2026
Doc Ock In Spider Man 2 vs Spider Man: No Way Home;8245;09/04/2026
Sony Cut The BEST Venom Moment Raimi Ever Filmed;801;09/04/2026
The Greatest Dance Chemistry Ever Put On Film;12146;09/04/2026
They Trained Squirrels From Birth For This Scene - Charlie And The Chocolate Factory;6440;09/04/2026
Deep Has Crazy Plot Armor - The Boys Season 5 EP 2;6073;08/04/2026
Bill Murray's Funniest Moment Wasn't Even In The Script;18780;08/04/2026
Denzels Impression of Jay-Z The Queen Latifah Show;4697;08/04/2026
Michael Jackson Started Playing With The Cameras;10990;08/04/2026
This Is Why Everyone Loves Cillian Murphy - Golden Globe Award;10881;08/04/2026
The Whole Prison Found Out Real Quick - Guardians of The Galaxy - Prison Scene;2989;08/04/2026
The Voice Behind Every Aladdin Song You Grew Up On;5928;08/04/2026
They Used Black Velvet To Make Him Invisible - The Invisible Man (1933);2122;07/04/2026
Gosling's Best Ken Moment Wasnt Even In The Script;25481;07/04/2026
10 Animators Spent 2 Years On This One Scene - Prince Of Egypt;3377;07/04/2026
Nobody Talks About This Lucifer Performance Enough;30408;07/04/2026
This Wasnt Scripted & Its The Most Deep Thing Ever;21620;07/04/2026
Behind The Scenes Titanic Is Not What You'd Expect;8586;07/04/2026
150 Lions Were Used To Film Roar (1981);9581;07/04/2026
The Battlefield Makes The Soldier - The Outpost;16671;07/04/2026
Mission: Impossible Dead Reckoning Epic Stunt;14546;06/04/2026
Chris evans bicep injury from this stunt;1786;06/04/2026
Joey's Brain Left The Crime Lab For A Second - Dexter;24390;06/04/2026
Vuk Made Magneto Look Like A Beginner - X-Men: Dark Pheonix;7784;06/04/2026
This Scene Is Scientifically Accurate & Completely Impossible - Indiana Jones 4;7361;06/04/2026
George Lucas Wouldn't Let Spielberg Delete This - Indiana Jones 4;3157;06/04/2026
Gladiator II Finally Delivers a 24-Year-Old Vision;12737;05/04/2026
Captain Phillips Used a Real Navy Corpsman Instead of an Actress;1228;05/04/2026
Richard Gere Pranked Julia Roberts & It Made the Final Cut;4148;05/04/2026
How Tom Holland Got Hired as Spider-Man;34412;05/04/2026
Ryan Reynolds' Business Strategy Is Genius;8476;05/04/2026
This Bruce Almighty Detail Got Someone Harassed for Months;15132;05/04/2026
Why the Dad in Luca Only Has One Arm;17459;05/04/2026
Annabelle Wallis Got Rejected by Tom Cruise;7931;05/04/2026
The Film Spielberg Regrets Led to His Greatest Love;1933;04/04/2026
Margot Robbie Thinks Babylon Will Be a Classic in 20 Years;12606;04/04/2026
Henry Cavill Breaks Reality in This Mission: Impossible Scene;35479;04/04/2026
Tarantino's Vision of Cinema;7428;04/04/2026
Cinema's Most Brutal Samurai Scene in Ran (1985);17295;04/04/2026
The Scene That Took Twice as Long to Film;4160;04/04/2026
This Deathly Hallows Moment Deserved an Oscar;3725;04/04/2026
Henry Cavill Fired His Long Time Manager;14060;04/04/2026
"Sharon Stone’s ""Best Kisser"" in Hollywood | Casino (1995)";961;03/04/2026
"Gwyneth Paltrow’s ""Sacred"" Spot in Central Park";1095;03/04/2026
The Insult That Defined the Villain of Gladiator (2000);12602;03/04/2026
Timothée Chalamet Felt Disrespected by Matthew McConaughey;2296;03/04/2026
Nancy Cartwright - The Voice In The Simpsons;6901;03/04/2026
Tobey Maguire’s Real Brothers Spider-Man 2 (2004);17572;02/04/2026
Why Sandman Was 100% CGI in No Way Home (2021);16012;02/04/2026
Why Sandman Never Changed Back in No Way Home;23658;02/04/2026
Tina Belcher Was Originally Going To Be A Boy;8789;02/04/2026
When Jackie Chan Met Lakshmi the Elephant;3899;02/04/2026
The Cast’s Real Reactions in Jeepers Creepers;13864;02/04/2026
Anne Hathaway’s Hilarious Gift to Her Co-Star;28486;02/04/2026
This Moment Was Genuinely Heartbreaking In Barry (2018);37158;01/04/2026
The Horrific Cost of Beauty in The Substance(2024);8167;01/04/2026
Paul Atreides Rides The Grandfather Worm - Dune: Part Two (2024);13061;01/04/2026
The 1408 (2007) Ending Was Too Dark for Cinema;11321;01/04/2026
"Harrison Ford’s ""Apology"" to Ryan Gosling - Blade Runner 2049 (2017)";19088;01/04/2026
Johnny Silverhand in Cyberpunk 2077: Phantom Liberty;8366;01/04/2026
The Most Impossible Survival in Shadow in the Cloud (2021);22849;01/04/2026
The Moment the Shield Was Tainted - The Falcon and the Winter Soldier (2021);6695;01/04/2026
Run First, Think Later: A Brilliant Strategy? - Peaky Blinders The Immortal Man;2564;01/04/2026
Spectre (2015): The Largest Explosion in History;6493;01/04/2026
Representation of OCD in The Aviator;6176;01/04/2026
The Only Enemy Wolverine (2013) Can't Defeat;7948;31/03/2026
The Thousand-Yard Stare of Peter Parker - SPIDER-MAN: BRAND NEW DAY;627;31/03/2026
Cyclops Takes Off His Sunglasses - X-Men: The Last Stand (2006);529;31/03/2026
19 Takes to Perfect Gus Fring’s Last Stand - Breaking Bad;11052;31/03/2026
The Foreshadowing in The Last of Us (2023);4266;31/03/2026
The Boys (2019) - A-Train;23883;31/03/2026
Zodiac (2007): The Ending That Denied Us Closure;12722;31/03/2026
Black Panther’s (2018) Craziest Hit;32010;31/03/2026
Darla’s Unintentional 4th Wall Breaks - The Little Rascals (1994);142;30/03/2026
Is This the Best Spider-Man Parody?;233;30/03/2026
"Ladybug: The World’s Luckiest ""Unlucky"" Assassin";3643;30/03/2026
Rebel Moon: The Enslaved Goddess - Rebel Moon - Part One (Director's Cut) (2024);2172;30/03/2026
X-Men (2000) / Rebecca Romijn - Behind The Scenes;12569;30/03/2026
The Legend of the Epirus Bow - Immortals (2011);515;30/03/2026
Brad Pitt’s Legendary Transformation for Troy (2004);7992;30/03/2026
The 7-Hour Transformation into Baron Harkonnen - Dune (2021) / Baron Harkonnen;11365;30/03/2026
Live-Action or Frame-by-Frame Copy? - Moana (2026);9261;30/03/2026
Wolverine Survives Atomic Bomb - Healing Factor;13995;30/03/2026
Director Tells Harry Potter Cast Not To Eat Prop food;7708;30/03/2026
D&D Logic: Deflect Missiles is OP Secret Level: Dungeons and Dragons (2024);7543;30/03/2026
Can Anyone Replace Hugh Jackman?;3634;29/03/2026
Andrew Garfield & Emma Stone: The Best Spidey Duo?;2672;29/03/2026
Wrestlers in Wigs: The Rock vs John Cena;9911;29/03/2026
This Scene Was An Improv - Raiders Of The Lost Ark;6966;29/03/2026
Davy Jones: The 20-Year-Old Gold Standard;13949;29/03/2026
How a Trash Can Made Movie History - The Lion King (1994);771;29/03/2026
The Most Dramatic Faint in the MCU - Thor: Love and Thunder (2022);39602;29/03/2026
Logan Vs X-24 - Logan (2017);33285;29/03/2026
Deadpool Visits The Tailor - Deadpool & Wolverine;1551;28/03/2026
Tom Felton Would Forget His Lines In Harry Potter;5191;28/03/2026
Sunspot loses his arm mid-fight - X-Men: Days of Future Past;5997;28/03/2026
In Interstellar (2014) The Crew Went To Miller's Planet;28270;28/03/2026
Robot Winks At Will Smith In I Robot;47216;28/03/2026
Marvel Cut Out A Gorr The Butcher Scene - Thor: Love & Thunder;27465;28/03/2026
Scientists Have Described This Scene As The Most Realistic - Terminator 2;8679;28/03/2026
In Cloudy With A Chance Of Meatballs Abraham Lincoln Gets Pied From Behind;1889;28/03/2026
Lucius Malfoy's Blooper With Harry Potter;1884;28/03/2026
In The Comics, Logan Didnt Truly Die, His Healing Factor Just Slowed down;1164;28/03/2026
Buzz's Girlfriend In Home Alone Was Actually A Boy;115;27/03/2026
They Had To Re-Do This Spider Man Scene Because Of An Extra;11097;27/03/2026
In One Piece S2, The Kitetsu Blades Were Said To Be Cursed;2703;27/03/2026
Moon Knights Fighting Style Is Built On Intimidation;4621;27/03/2026
He Pulled An Uno Reverse On Them - Nobody (2021);8214;27/03/2026
This Detail Doesn't Get Enough Attention - The Incredibles (2005);5586;27/03/2026
They Used a Large Practical Set - Ready, Willing & Able (1937);1605;27/03/2026
In Alien Romulus (2024) This Scene Was Terrifying;3216;27/03/2026
John Wick's Life Was Spared - John Wick: Chapter 3;6205;27/03/2026
Calvin Escapes In Life (2017);4504;27/03/2026
The Kid Bathroom Signal Back to the Future (1985);1398;26/03/2026
Power Laces In Back to the Future II (1989);4334;26/03/2026
Creating awkward humor - Meet Bill (2007);898;26/03/2026
Ryan Reynolds Chose Peggy for Dogpool - Deadpool & Wolverine (2024);1374;26/03/2026
The Director Played Edna - The Incredibles (2004);3714400;26/03/2026
The Sepia-To-Color Transition The Wizard of Oz (1939);4129;26/03/2026
This Chase Scene Used A Stunt Cameraman - The Bourne Ultimatum;27692;26/03/2026
The Cameraman On Rollerblades - Weapons (2026);10721;26/03/2026
"Mark Wahlberg’s ""Bear"" Took Many Takes - Ted (2012)";13429;26/03/2026
Every Take Was A Different Joke - Free Guy (2021);10268;26/03/2026
That Yell Wasn't Scripted - The Amazing Spider-Man (2012);18603;25/03/2026
The Most Wholesome Crush in Hollywood - Keanu Reeves & Sandra Bullock;25165;25/03/2026
Angelina Jolie Cast Her Daughter - Maleficent (2014);10363;25/03/2026
The Mustache Man - Captain America (2011);2782790;25/03/2026
Marvel’s Best Off-Script Line - Wakanda Forever (2022);28413;25/03/2026
How They Filmed Those Seamless Costume Changes - Power Rangers;10273;25/03/2026
Sinners (2025): The Rule Vampires Can't Break;8173;25/03/2026
Andy Serkis: The Man Behind Gollum;26290;25/03/2026
The stormtrooper who actually hit something - Star Wars (1977);18474;25/03/2026
"Benedict’s ""Unserious"" Set Pranks - Doctor Strange (2016)";11433;25/03/2026
This Scene Is In No Way Home Because of Andrew Garfield;31243;24/03/2026
This Moment In Scarface Was Improvised - Al Pacino;12185;24/03/2026
Sean Connery Casted Catherine Zeta Jones For Entrapment (1999);13773;24/03/2026
Jet Li Portrays A Calculated Assassin - In Hero (2002);32247;24/03/2026
Johnny Depp & A Stuffed Toy In An Interview;8966;24/03/2026
She Saves Countless Lives With This Method;13442;24/03/2026
Chuck Norris Tells A Story About A Tiger;4183;23/03/2026
28 Years Later Bone Temple Movie Details On Sparks;14223;23/03/2026
Blazing Saddles White Hoodie Scene - Gene Wilder;12420;23/03/2026
Josh Brolin Improv'd This Banana Scene - Inherent Vice;137994;23/03/2026
Chuck Norris Broken Nose - Walker Texas Ranger;3283;23/03/2026
Everyone Was Surprised When Tobey-Man Did This - Spiderman No Way Home;35175;23/03/2026
It Took 7 Takes To Get This Scene In Far and Away;25474;23/03/2026
Buster Keaton Only Had 1 Shot To Do This Stunt;11756;23/03/2026
Tom Cruise Did This Stunt In His 50's;36330;22/03/2026
The Mummy Returns Fart Blooper;13813;22/03/2026
Emma's Unscripted Line In The Amazing Spider-Man 2;36520;22/03/2026
Chuck Norris & Bruce Lee Go At It - The Way Of The Dragon (1972);10886;22/03/2026
Chuck Norris Has Chuck Norris Jokes - The Expendables 2;30448;22/03/2026
Brad Pitt Improvised This Line In Fury (2014);35662;21/03/2026
"The Directors Delayed The ""Cut"" During This Scene In Dungeons & Dragons Honor Among Thieves";45134;21/03/2026
They Used A Treadmill For This Twilight Scene;37502;21/03/2026
The Devil's Son Returns Johnny Blaze's Powers;14279;21/03/2026
The Halo Rig Used In Sinners For Twin Scenes;30595;21/03/2026
Cillian Murphy Makes a Comeback In 28 Years Later Bone Temple;26426;21/03/2026
"""Walking The Plank"" Wasn't Historically Accurate";892;21/03/2026
Tom Holland Gives A Fan A Core Memory;19608;21/03/2026
Se7en (1995) Brad Pitt Saved The Ending;35681;20/03/2026
A small detail from snape's first potions lesson pays off later;21984;20/03/2026
In Red Sonja, that horse delivers such an oscar worthy performance;35895;20/03/2026
In Army of The Dead, Maria's Sudden End completely flips expectations.;12100;20/03/2026
Imagine Watching Gremlins 2: The New Batch & They Break The Fourth Wall;13755;20/03/2026
Ready Player One (2018) paid homage to the gundam series with a duel against mechagodzilla;11121;20/03/2026
In Eternals, Gilgamesh stands out as the heavy hitter, with his shockwave punches;15474;20/03/2026
In The Lord Of The RIngs, Gimli's reaction is hilarious because the uruk-hai shot by legolas arrow;5483;20/03/2026
Jack O'Connell Showed Up to the Oscars With Fangs;37623;19/03/2026
For the 2026 Oscars, Robert Downey Jr gifted Chris Evans With An Official Thong;5885;19/03/2026
While filming Blade Trinity 2004 Wesley Snipes accused producers of underpaying him;37457;19/03/2026
Conan O'Brien managed to hire a whole squad of Michael B Jordan Clones;2909;19/03/2026
During A Saturday Night Live sketch with Scarlett Johansson;9629;19/03/2026
Watching Kong launch a massive boulder in Godzilla x Kong: The New Empire;14924;19/03/2026
Best Sigourney Weaver Moment In The Oscars;34307;19/03/2026
In Gentlemen Prefer Blondes (1953) Jane Russell Was Unintentionally Knocked Into The Pool;38557;18/03/2026
"In Thor: Ragnarok Christ Hemsworth Improvised The Famous ""Snake Story""";36077;18/03/2026
Tim Curry Spent 6 Hours A Day To Transform Into The Lord Of Darkness In Legend (1985);8514;18/03/2026
Fantasia 2000 (1999) Stands As One Of The Last Disney Films To Use Hand Drawn Animation;25150;18/03/2026
Conan O'Brien Turned Leonardo Dicaprio Into A Meme;219;18/03/2026
Johnny Depp once revealed that his first time reading the script for Edward Scissorhands (1990);21729;18/03/2026
Jessica Biel Felt Devastated After Losing The Role Of Catwoman In The Dark Knight Rises;639257;18/03/2026
This Disney Film Took Half A Century To Finish;1344;17/03/2026
Choreography that stood the test of time - Thousands Cheer (1943);9403;17/03/2026
How Disney movies were made frame-by-frame;32881;17/03/2026
The fake bloopers we all miss - The Lion King (1994);2539;17/03/2026
Batman: Mask of the Phantasm (1993): Animation's most powerful visual.;39652;17/03/2026
The Dark Knight Rises (2012): The struggle behind catwoman's suit;29766;17/03/2026
"Spider-Man 2.1: The ""extended"" moment we should have seen in theaters.";27880;17/03/2026
Hilarious Moment with Michael B Jordan & Hailee Steinfeld;330904;16/03/2026
Michael B. Jordan Joins The Legends Sinners (2025);29370;16/03/2026
Jeff Daniels' Reaction To That Sound - Dumb and Dumber (1994);328;16/03/2026
Experts Praise The Most Accurate Space Movie Ever - First Man (2018);909;16/03/2026
Making Movies Just To Hang With Friends - Grown Ups (2010);36394;16/03/2026
Jack Black & The Paparazzi 😂;36825;16/03/2026
Reversed Filming in Hail, Caesar! (2016);362935;16/03/2026
The most stylish '90s anime spin-off;18250;16/03/2026
Ana De Armas As The Best Bond Girl - No Time to Die (2021);46976;16/03/2026
Jessica Biel Almost Had This Role - The Wolverine (2013);17334;15/03/2026
Keanu Reeves Only Spoke 380 Words In 3 Hours - John Wick 4;126518;15/03/2026
Disney Comedy Peaked Right Here - The Emperor's New Groove (2000);12124;15/03/2026
When Commercials Were Actually Good - Aliens vs Predators: Extinction (2003);6462;15/03/2026
Robin Williams' Mom Makes Him Belly Laugh;32799;15/03/2026
DBZ: Super Android 13! - Right in the dragonballs;9919;15/03/2026
Henry Cavill Became Friends Over Warhammer 40k;28944;15/03/2026
George Lucas Cameos in Beverly Hills Cop III;69118;15/03/2026
Tyrese & Sung Funny Interview #sound;27271;13/03/2026
Mr. & Mrs. Smith (2005): The more they tried to be professional, the funnier it got.;8766;13/03/2026
Early Pixar Movies Had The Best End Credits;20320;13/03/2026
#sound;5449;13/03/2026
Harrison Ford really doesn't care about Hollywood and it’s hilarious.;36918;13/03/2026
"The ""Nicest"" Villain - The Emperor's New Groove";11600;13/03/2026
"Tarantino Asked Waltz To ""Tone It Down"" - Inglourious Basterds";27210;13/03/2026
Most Awkward & Hilarious Exchange Of The Season - Timeless;50786;13/03/2026
Luca Brasi’s Mistakes Were Kept In The Godfather;29638;12/03/2026
His Wife Is A Giant Spider - Enemy (2013);126655;12/03/2026
Epic (2013) A whole life cycle in one conversation;7897;12/03/2026
Squidward Meets His Real Voice Actor;886;12/03/2026
Tom Cruise & Robin Williams Turned A Joke Into An Unforgettable Moment;996;12/03/2026
We Need This Style Of Animation To Make A Comeback;26273;12/03/2026
Patrick Dempsey Almost Breaking - Dark of the Moon (2011);29349;12/03/2026
Nolan Didn’t Call Cut - The Dark Knight (2008);27626;12/03/2026
Supernatural Blooper With Sam and Dean Winchester;16782;12/03/2026
The Cat Wasn't in the Script -The Godfather (1972);33378;12/03/2026
Bradley Cooper Failing To Stay In Character - The Hangover (2009);5928;11/03/2026
Jennifer Lawrence’s archery form - The Hunger Games (2012);15718;11/03/2026
Cody Predicting The Future Like A Villain - Scary Movie 3 (2003);15850;11/03/2026
The most memorable Ryan Gosling moment - SNL skit;11617;11/03/2026
A Taxi Driver Helped Create An Iconic Movie Line;20703;11/03/2026
Orlando Bloom’s legendary last day - LOTR: Return of the King (2003);5430;11/03/2026
Inception (2010): Cillian Murphy still making us emotional 15 years later.;12175;11/03/2026
Harrison Ford & Ryan Gosling BladeRunner Interview;18549;11/03/2026
The Hoverboard - Back to the Future Part II (1989);29647;11/03/2026
Practical Effects in The Wizard of Oz (1939);7269;11/03/2026
When Improv Goes Wrong - Evan Almighty (2007);15283;11/03/2026
Worst Reaction Time in The Thing (2011);31811;10/03/2026
The Hat That Kept Growing - Scary Movie 3 (2003);17815;10/03/2026
This Is Why This Scooby-Doo Scene Was Deleted.;901;10/03/2026
Road House (2024) - Fight Choreography;1264;10/03/2026
Special Effects Secrets Revealed - The Wizard of Oz (1939);2846;10/03/2026
The Kraken didn't turn to stone instantly - Clash of the Titans (2010);5647;10/03/2026
Every Gen Z parent/child convo in 20 years - Good Fortune (2025);29337;10/03/2026
Upgrade (2018): When STEM takes the wheel;11979;10/03/2026
Bishop’s Last Stand - Days of Future Past (2014);30913;10/03/2026
"300 (2006): The ""Living Legacy"" Selection";7457;09/03/2026
A cockroach is just a land shrimp - Aquaman & the Lost Kingdom;34944;09/03/2026
Guardians of the Galaxy (2014): Carina’s Final Rebellion;5638;09/03/2026
a stunt double might’ve been a good idea -  Daredevil (2003);26539;09/03/2026
"X-Men: The Last Stand (2006): The ""Hug of Death""";19855;09/03/2026
The Dreadful (2026) Behind The Scenes Gag Take;30834;09/03/2026
Forest Warrior (1996): Chainsaw vs. Chuck Norris;20835;09/03/2026
Family Drama - Godzilla Minus One (2023);2239;09/03/2026
Why The Studio Replaced The Practical Effects;6616;09/03/2026
"Tobey Maguire’s ""Veteran"" Move vs. Andrew Garfield";9763;09/03/2026
When the kiss take goes a little too well - Days of Future Past (2014);250;09/03/2026
Expectation vs Reality X-Men Origins vs Deadpool 2;5619;09/03/2026
"Magneto really said ""thanks for the save, bye""  - X-Men: The Last Stand (2006)";11081;09/03/2026
"The ""Sand is Lava"" Loophole At World's End (2007)";16583;08/03/2026
When you roll a Nat 1 - Dungeons & Dragons (2023);17016;08/03/2026
"X-Men: Apocalypse (2016): The ""Mach 10"" Ego Check";21228;08/03/2026
"Will Smith’s ""POV"" Action - Bad Boys: Ride or Die (2024)";32167;08/03/2026
The Marshal was also the Director Appaloosa (2008);20290;08/03/2026
Daniel Craig’s final bold demand for the Bond arc;3990;08/03/2026
"When ""nothing making sense"" is the horror.";256;08/03/2026
Edge of Tomorrow (2014): Sibling rivalry;12644;08/03/2026
"Fallout (2024): The ""Mini-Nuke"" Survival Instinct";5312;08/03/2026
The most underrated arc of Season 1 - The Last of Us (2023);6966;08/03/2026
How They Did The Waterfall Scene Apocalypto (2006);6942;07/03/2026
3,000 Years For The Wrong Woman The Mummy Returns;5951;07/03/2026
Catwoman’s suit slowly falling apart throughout the film mirrors her own mental unraveling.;9976;07/03/2026
In Dracula: Dead and Loving It (1995), Lysette Anthony was fully aware of her visual role,;22062;07/03/2026
In X-Men: First Class (2011), Magneto reminds Emma Frost that while diamonds are hard;2346309;07/03/2026
Most Relatable Fake Laugh in Hollywood - Cillian Murphy;18247;07/03/2026
Jonah Hill & Emma Stone Meme Origin;22192;07/03/2026
The Smile 2 (2024) Dancers In The House Scene;136925;07/03/2026
The Parents' Reaction Dora & the Lost City of Gold;15993;07/03/2026
Ryan Reynolds & Jake Gyllenhaal vs. One Single Question;24748;07/03/2026
Brave (2012): The perfect split-arrow setup;544449;06/03/2026
LOTR (1978): The Most Unserious Wizard Moment;23559;06/03/2026
Andrew Garfield’s Milkshake Disaster - Tick, Tick... Boom! (2021);5881;06/03/2026
The Fly (1986) The Head Split Scene Explained;3983;06/03/2026
Martha Stewart Was Not Prepared For Robin's Humor;24670;06/03/2026
Kevin Hart Says The Wildest Things To The Rock;29864;06/03/2026
Drax’s Invisibility Masterclass - Avengers: Infinity War (2018);10766;06/03/2026
Peak of 2000's Parody Humor - Scary Movie 3 (2003);8162;06/03/2026
Willem Dafoe As Marilyn Monroe is Peak Comedy;18639;06/03/2026
Jim Carrey Celebrating His B-Day With 50 Cent;3503;06/03/2026
The hiding spot Shaggy literally blew up - Scooby-Doo (2002);30892;06/03/2026
Hilarious Anthony Mackie & Chris Evans Interview;27858;06/03/2026
The scene that took 50+ takes - Why Him? (2016);24016;05/03/2026
The Scene That Broke Damon Wayans - My Wife and Kids (2001);6002;05/03/2026
Mary Jane's Questionable Decisions - Spider man;16847;05/03/2026
No One Can Stay Serious Around Woody Harrelson - Friends with Benefits (2011);360;05/03/2026
Horror Movie Character Breaks - The Nun;606;05/03/2026
The Toothpick That Stole The Scene - Anaconda (2025);4529;05/03/2026
Leslie Nielsen’s Timing Was 10/10 Legendary;36350;05/03/2026
Peak Leo Energy - Once Upon a Time in Hollywood (2019);11767;05/03/2026
When Anne Hathaway out-Batmanned Batman;14047;05/03/2026
Breaking the Cycle - Mockingjay Part 2 (2015);23346407;04/03/2026
The most unhinged shot in cinema history - RoboCop (1987);45619;04/03/2026
The bloopers that broke Gene Wilder - Young Frankenstein (1974);11344;04/03/2026
Bart the Bear’s Acting Masterclass - The Bear (1988);18306;04/03/2026
Realizing the dialogue was wild - Undercover Brother (2002);15421;04/03/2026
Shari Lewis: The GOAT of making puppets feel real;10949;04/03/2026
Dean Winchester’s Driving Skills - Supernatural (2005);42024;04/03/2026
The Early 2000s Were Elite - Van Helsing (2004);2359;04/03/2026
Tobey Couldn't Keep A Straight Face for This - Spider-man (2002) bloopers;6802;04/03/2026
Jim Carrey’s most unhinged role - Me, Myself & Irene (2000);24827;04/03/2026
The Iconic Head-Bob Origin Jim Carrey - SNL Skit What is Love;3894;04/03/2026
Scene Based On A True Event - The Bear (1988);12178;04/03/2026
The Sound of Pure Terror War of the Worlds (2005);18016;03/03/2026
Josh listening obediently to Jennifer Lawrence;17590;03/03/2026
Finding the perfect Elena-The Mask of Zorro (1998);47319;03/03/2026
John Wick: Chapter 4 (2023): Pets are sacred;606;03/03/2026
The side of Jim Carrey we all miss Bruce Almighty 2003;422;03/03/2026
The Falcon and the Winter Soldier (2021): Bucky’s unspoken message;11156;03/03/2026
The most intelligent monsters in horror - Arcadian (2024);10489;03/03/2026
Sandra Bullock’s perfect recovery - The Lost City (2022);34610;03/03/2026
Vanilla Sky (2001): The most expensive 30 seconds;5389;03/03/2026
The only person who can play Logan - Deadpool & Wolverine (2024);13522;03/03/2026
The Baywatch Strongman Games - Dwayne Johnson & Zac Efron;25031;02/03/2026
The Hitchcock-inspired shot that changed horror - Jaws (1975);15784;02/03/2026
Sam’s panic is unintentionally peak comedy - Transformers (2009);35003;02/03/2026
Buster Scruggs Is Basically An R-rated Bugs Bunny;29288;02/03/2026
Seeing His Own Reflection The Incredible Hulk 2008;29999;02/03/2026
Shadow and Bone (2021): The power of the Darkling;38207;02/03/2026
Jumper (2008): Tearing through space itself;1575;02/03/2026
A vastly underrated masterpiece | Collateral 2004;6220;02/03/2026
The Fall They Kept In - Tiger on the Beat 2 (1990);37509;02/03/2026
Christian Bale Carrying The Whole Movie - Thor: Love and Thunder (2022);14205;01/03/2026
Did you catch this Shutter Island (2010) detail?;5051;01/03/2026
The Chef Who Became A Titanic Legend;11934;01/03/2026
The split-second realization of fate - A Game of Shadows (2011);36865;01/03/2026
Doofy’s revenge 💀🚫 - Scary Movie (2000);10450;01/03/2026
This Iconic Dance Was Nearly Deleted - Saturday Night Fever (1977);34185;01/03/2026
Every squad needs a Thad Castle - Blue Mountain State (2010);25275;01/03/2026
The ultimate nightmare scenario - Wild Tales (2014);66104;01/03/2026
Fantastic Four (2007): Doug Jones’ invisible role;32697;01/03/2026
The Boys - The Fastest Villain Downfall - Naqib;51023;28/02/2026
"Mike’s ""Wallhack"" Moment - Breaking Bad (2012)";15339;28/02/2026
Why Nate couldn't change his hair - Legends of Tomorrow;8946538;28/02/2026
Jim Carrey In Living Color (1990–1994): The Rap God we almost had;6236;28/02/2026
The Steak vs. The Nose - Napoleon Dynamite (2004);33469;28/02/2026
How many takes did this take? - The Righteous Gemstones (2019);5007;28/02/2026
Jenna Ortega in Scream (2022);5017;28/02/2026
The start of a legend: Heath Ledger - 10 Things I Hate About You (1999);5765596;28/02/2026
The 360 cinematography in Bad Boys 2;33812;28/02/2026
The Secret Behind The Moving Sand - Dune (2021);53144;27/02/2026
Van Damme as A Background Extra - Breakin' (1984);17699;27/02/2026
The scene that broke Ashley Tisdale - Scary Movie 5 (2013);11699;27/02/2026
The ultimate home invasion - Godzilla vs. Kong (2021);57369;27/02/2026
The Director Put This Easter Egg In Rampage (2018);51897;27/02/2026
Michael Jackson Called Chris Tucker For This - Rush Hour Scene;255816;27/02/2026
The Doctor’s Curiousity - 28 Years Later (2025): The Bone Temple;5161520;26/02/2026
The blooper that killed the tension - 28 Years Later (2025);38794;26/02/2026
In Twisted Metal Season 2, episode 11, the lore makes it clear that Sweet Tooth can’t truly die;378584;26/02/2026
The Darth Vader Easter Egg in Indiana Jones (2008);32090;26/02/2026
Discovering gravity the hard way - Daredevil: Born Again;55476;26/02/2026
Stuntman Grit 🤠💪 in Wild Wild West (1999);21792;26/02/2026
Even Jason has a soft spot for dogs - Friday the 13th Part VIII: Jason Takes Manhattan (1989);51362;26/02/2026
Behind The Scenes Of Nuke Explosion Terminator 2 (1991);46033;25/02/2026
Practical Effects + CGI In Project Power (2020);10491665;25/02/2026
The Squeaky Suit - X-Men: Days of Future Past (2014);27678;25/02/2026
2007 vs. 2023: Movie Magic Then vs Now;7563;25/02/2026
Zac Efron’s line went wrong (or right) - A Family Affair (2024) Blooper;2118;25/02/2026
Brad Pitt's Face Says It All Bullet Train Blooper;1010;25/02/2026
"Batman ""technically"" didn't kill anyone according to Christopher Nolan";44593;25/02/2026
You can actually see the trampoline in Spider-Man (2002);44431;25/02/2026
The moment Mara Wilson lost a tooth on TV;4983;25/02/2026
Gary Oldman’s Most Iconic Line - The Professional (1994);40454;25/02/2026
Why Brendan Fraser didn't return - George of the Jungle 2 (2003);105676;24/02/2026
"The ""3-Way"" design rule of Robin Hood (2018)";51512;24/02/2026
Jamie Foxx was the ultimate motivator - Robin Hood (2018);12055;24/02/2026
Xavier’s best psychic prank - X-Men: First Class (2011) - Deleted Scene;14898;24/02/2026
Jack Black Begged for The Immigrant Song In School of Rock (2003);24642;24/02/2026
The warrior’s decision - The Battle of Bastards Game of Thrones;24375;24/02/2026
Lisa Marie was so unsettling in Mars Attacks! (1996);6665;24/02/2026
The worst travel assignment in history Rogue (2007);6624;24/02/2026
The ring ALMOST chose Darkseid Justice League (2021);14556;24/02/2026
The Monster in Arcadian (2024);5018;24/02/2026
The rawness of the final fight - Spider-Man (2002);5066;23/02/2026
Smile 2 (2024): The Nicholson Genes are wild;517980;23/02/2026
The Biggest Marketing Mistake in Smile (2022);59530;23/02/2026
Seann William Scott in The Wrath of Becky (2023);5347538;23/02/2026
Owlbear vs Sofina & Hulk vs Loki;2189;23/02/2026
Jimmy Fallon’s chaotic gummy worm idea - The Tonight Show With Dwayne Johnson;16674;23/02/2026
The squirrel rescue mission - Superman (2025);2031;23/02/2026
The cleanest birth in space - The Fantastic Four: First Steps (2025);26994;23/02/2026
Earth Girls Are Easy (1988): Jim Carrey’s alien era;18909;23/02/2026
See (2019): Why Jason Momoa owns the warrior trope;6032;23/02/2026
Thor is faster than you think - Avengers: Age of Ultron (2015);14841;22/02/2026
The coldest stare in the DCU - The Dark Knight Rises (2012);7983;22/02/2026
Stronger than steel - Spider-Man (2002);5318;22/02/2026
The director cameo you missed - Spider-Man 2 (2004);8191;22/02/2026
Craig McCracken’s legendary career - The Powerpuff Girls (1998);12385;22/02/2026
Porky Pig: The unhinged cartoon lore;2419;21/02/2026
Anthony Anderson stole the movie - Transformers (2007);7739;21/02/2026
You have your mothers eyes - Not Another Teen Movie (2001);2305;21/02/2026
The struggle of Robert Pattinson - Twilight (2008);11080;21/02/2026
Margot Robbie does her own stunts - The Suicide Squad (2021);38737;21/02/2026
The worst pickup line in history - Jarhead (2005);1315;20/02/2026
Background Extra Reactions - Spider-Man: Homecoming (2017);5918;20/02/2026
Harvey Dent didn't recognize the Joker - The Dark Knight (2008);26781;20/02/2026
Liam Neeson Reads The Rap Sheet - The Naked Gun (2025);35052;20/02/2026
David Hasselhoff Cameo - Guardians of the Galaxy Vol. 2 (2017);411357;20/02/2026
Leo’s Foot-Opening Improv - The Wolf of Wall Street (2013);35409;19/02/2026
Method Acting Jonah Hill & Jon Bernthal  - The Wolf of Wall Street (2013);41233;19/02/2026
"Margot Robbie’s ""liquid courage"" in The Wolf of Wall Street (2013)";1224;19/02/2026
When the interview backfired - Twiggy Interview (1967);21934;19/02/2026
Batman’s most cutting line - The Dark Knight Rises (2012);37713;19/02/2026
The confidence of Chris Evans - The Losers (2010);6434055;19/02/2026
The cheapest cameo in Marvel history - Deadpool 2 (2018);23029;19/02/2026
The scene Greta Gerwig refused to cut - Barbie (2023);13870;19/02/2026
Margot Robbie’s best improvised line in The Wolf of Wall Street (2013);1136;18/02/2026
8 Hours of Work Gone In Seconds - Ryan Reynolds - Deadpool;14502;18/02/2026
That CGI transition everyone noticed - The Flash (2023);14414;18/02/2026
Taika really convinced the final boss - Thor: Ragnarok (2017);37063;18/02/2026
3 Doctors, 15 seconds - Spider-Man: No Way Home (2021);18272;18/02/2026
Zara's memorable exit - Jurassic World (2015);5308;18/02/2026
"The ""Cuhh"" that changed cinema - The Fast & The Furious (2001) Paul Walker";36500;18/02/2026
Alyson Hannigan Doing the hard work herself;10462;17/02/2026
Mission: Impossible – Fallout (2018): Stunt vs. Reality;24888;17/02/2026
Lucy Liu Movie: Cillian Murphy’s Kid Cameo;9736132;17/02/2026
The Spider Was A Paid Actor - Spider-Man: No Way Home (2021);29799;17/02/2026
Tucker and Dale vs. Evil (2010) is a 10/10;28180;17/02/2026
Engineering a Nightmare - The Phantom of the Opera (1925);47899;16/02/2026
Why the Joker exists: The Man Who Laughs (1928);40499;16/02/2026
Wolverine’s improvised roast - X-Men (2000);13346;16/02/2026
Dropping a real jet - The Dark Knight Rises (2012);49431;16/02/2026
The camera cosplayed as Morpheus - The Matrix (1999);35686;16/02/2026
Great Responsibility includes cleaning up - Spider-Man Performer;105082;16/02/2026
Surreal 60s energy - Batman (1966);41529;16/02/2026
She wasn't the one - Naked Gun 33 1/3 (1994);20098;16/02/2026
1960's Practical Effects Were Different - Mr. Sardonicus (1961);15858908;16/02/2026
Alex Wolff Method acting - Hereditary (2018);265052;15/02/2026
The ceiling scene nightmare - Hereditary (2018);17377;15/02/2026
Guardians of the Galaxy (2014): Yondu’s accidental exit;48531;15/02/2026
Spider-Man 2 (2004): J.K. Simmons vs. The Props;7130;15/02/2026
Charlie Sheen’s most unhinged era;23702;15/02/2026
A Few Good Men (1992) Nicholson’s improvised Line;13145;15/02/2026
Henry Cavill Talking With An Interviewer;29664;15/02/2026
Christian Bale Shares A Raw Moment About Heath Ledger;8131;15/02/2026
Rob Fighting for his life (not to laugh) - Twilight (2008);6323;15/02/2026
Hugh Jackman’s Cameo in X-Men: First Cass (2011);83848;14/02/2026
Psychological warfare at its finest - The Wrecking Crew (2026);15477;14/02/2026
Jim Carrey & Jerry Lewis - Two Kings of Comedy;32347;14/02/2026
The Greatest Cameo of All Time - Wayne's World (1992);5921;14/02/2026
The Darkest Joke in the Movie? - The Naked Gun (2025);1602;14/02/2026
Mom’s Shrine was the Final Straw - The Wrecking Crew (2026);6810;14/02/2026
Wrong guy, wrong grave - D&D Honor Among Thieves (2023);1984567;13/02/2026
Justice Smith's Nat 1 on Memory - D&D (2023);19428;13/02/2026
"Holga’s Accidental ""Critical Hit"" - D&D (2023)";85241;13/02/2026
The sneeze that ruined the take - D&D (2023);4798;13/02/2026
Chris Pine to the rescue! - D&D: Honor Among Thieves (2023);22778;13/02/2026
Gillian Anderson’s Real Reaction in The X-Files (1993);3379;13/02/2026
Peña Couldn't Keep a Straight Face Eastbound & Down (2009);1057;13/02/2026
Bruce Almighty (2003): The Unscripted Dance Break;1669;13/02/2026
"The ""Mirror"" Illusion in Terminator 2 (1991)";7954;13/02/2026
Spy (2015): Even Statham Couldn’t Keep it Together;1937;13/02/2026
Jim Carrey gets played in Bruce Almighty (2003) - Blooper;20738;12/02/2026
The Queen of Accidental Comedy - Jennifer Lawrence Interview;914;12/02/2026
Cinema’s coldest insult - New Jack City (1991);32814;12/02/2026
Joaquin Phoenix's improv in Joker (2019);5927;12/02/2026
Better than modern CGI - Lost in Space (1998);522909;12/02/2026
Pre-CGI Stunt Doubles In The Shaggy D.A. (1976);15385;11/02/2026
I Don't Think This Line Was In The Script - Hannibal (2013);34010;11/02/2026
Samoan status confirmed - Lilo & Stitch (2002);5982;11/02/2026
The punch that fixed a lisp in -  The Cable Guy (1996);38515;11/02/2026
Tooth Scene - John Wick: Chapter 4 (2023);6918;11/02/2026
Mario Bava’s practical magic - Shock (1977);654;11/02/2026
Miss Peregrine Hunts A Hollow - Miss Peregrine's Home for Peculiar Children (2016);2042;11/02/2026
"Julia Roberts’ Most Iconic ""Oops"" Moment On Camera - Blooper";997;11/02/2026
That Awkward Eye Contact In The Hunger Games: Catching Fire (2013);6692;11/02/2026
The MCU’s Scariest Villain in Deadpool & Wolverine (2024);9706;11/02/2026
The Prop Error You Can't Unsee - Gangs of New York (2002);18142;11/02/2026
Hugh Jackman Breaking character in Van Helsing (2004);9094;11/02/2026
The darkest choice in Mission: Impossible – Ghost Protocol (2011);3885;11/02/2026
Before Collateral, Michael Mann had Tom Cruise Secretly Salk Crew Members;4193;11/02/2026
Themberchaud’s trespassing D&D Honor Among Thieves (2023);47020;11/02/2026
Batman Needs To Know About The Rabbits - Batman Begins (2005);1473;11/02/2026
Why Sally Hawkins Was The Only Choice For The Shape of Water (2017);6716;10/02/2026
Did You Hear What Dracula Said in Van Helsing (2004)?;4388;10/02/2026
Physics has left the chat - Snowpiercer (2013);99291;10/02/2026
Embracing The Physical Side of Selina Kyle - The Dark Knight Rises (2012);6347;10/02/2026
CGI Artists deserve credit - Top Gun: Maverick (2022);8418;10/02/2026
In Top Gun: Maverick Despite Having F-35Cs Available, The Mission Used F/A-18E/F Super Hornets;5441;10/02/2026
Jim Carrey’s Speech That Silenced The Room;4148;09/02/2026
The Displacer Beast - D&D: Honor Among Thieves (2023);3122827;09/02/2026
Homelander vs. Zinc: The Boys (2019);9261;09/02/2026
Keanu Reeves Drifting Like A Pro - John Wick: Chapter 4 (2023);37523;09/02/2026
A Combined IQ of Zero - D&D: Honor Among Thieves (2023);30514;09/02/2026
Polka Dot Man Was Too OP The Suicide Squad (2021);5682;09/02/2026
From zero to icon: Cameron Diaz in The Mask (1994);4624;09/02/2026
Bro Thought He Was Him - Mad Max 2 (1981);3298924;09/02/2026
Jessica Rothenberg’s Rooftop Fail In Happy Death Day 2U (2019);17662;09/02/2026
Ben Affleck Holding Back Tears In Pearl Harbor (2001);312269;09/02/2026
"From Victim To ""Imhotep"" Fan Club - The Mummy (1999)";10819;09/02/2026
Trivia On The Tiger In The Walking Dead (2010);13814;09/02/2026
The Most Expensive Sunrise In Cinema History - Top Gun (1986);20548;08/02/2026
Real Physics VS. Movie Magic - Top Gun: Maverick (2022);26872;08/02/2026
Arnold’s Dangerous Shotgun Stunt - Terminator 2: Judgment Day (1991);6136;08/02/2026
The World’s Most Polite Supervillain - Superman III (1983);12884;08/02/2026
Wonder Woman’s God-Speed - Zack Snyder's Justice League (2021);30941;08/02/2026
From toy blocks to reality-warping in Captain America: The Winter Soldier (2014);22547;08/02/2026
The Graveyard Fail - Dungeons & Dragons: Honor Among Thieves (2023);12969;08/02/2026
Technoblade Never Dies - A Minecraft Movie (2025);13987;07/02/2026
"A ""Mistake"" That Stayed In A Minecraft Movie";6269;07/02/2026
Momoa’s Ender Pearl Reaction - A Minecraft Movie (2025);31754;07/02/2026
Catherine O'Hara & John Heard Home Alone 2 (1992);9141;07/02/2026
Tactical haggling at its worst - 12 Strong (2018);724451;07/02/2026
The Man Who Inspired Heath Ledger - The Dark Knight (2008);7170;07/02/2026
Hulk’s Mid-Smash Realization in The Avengers (2012);9851;07/02/2026
Best Line In Cinema - Once Upon a Time in Mexico (2003);4481476;06/02/2026
The VFX team vs. Justice Smith - D&D: Honor Among Thieves (2023);2486930;06/02/2026
The New Mutants (2020) is underrated;34189;06/02/2026
"The New Mutants (2020): The ultimate ""Uno Reverse""";21644;06/02/2026
The insane bravery of messengers in Rise of Empires: Ottoman (2020);1825;06/02/2026
All Quiet on the Western Front (2022): The terrifying leap in warfare technology;30895;06/02/2026
Aubrey Plaza was shocked in this Parks & Rec Blooper;23898;06/02/2026
Eyes Wide Shut (1999) Stanley Kubrick;13959;05/02/2026
"The Fifth Element (1997): Singing The ""Impossible"" Song - Diva";35169;05/02/2026
Bruce Willis’s Reaction Was 100% REAL - The Fifth Element (1997) Diva Singing;10625;05/02/2026
DM is facepalming in D&D: Honor Among Thieves (2023);3764977;05/02/2026
Gelatinous Cube is a nightmare in D&D: Honor Among Thieves (2023);25636;05/02/2026
Vision's mistake in Captain America: Civil War (2016);25146;05/02/2026
"Civil War (2016): ""Hey buddy, you lost this!"" - Spiderman";8381;05/02/2026
Shutter Island (2010): The twist was right here;15495;05/02/2026
This Civil War (2016) Stunt Is Actually Epic;183377;04/02/2026
Sanjuro (1962): The mistake that changed cinema;4664575;04/02/2026
"Ninjas vs. ""Not-A-Xenomorph"" in Alien vs. Ninja (2010)";16835;04/02/2026
"You can't ""unhear"" it - D&D: Honor Among Thieves (2023)";1026180;04/02/2026
No formal handshakes allowed - Biggie and Michael Jackson (1995) MTV Awards;25623;04/02/2026
The Standoff - Dungeons & Dragons: Honor Among Thieves (2023);7515;04/02/2026
4 Warriors vs. 1 Wizard - Dungeons & Dragons: Honor Among Thieves (2023);6650;04/02/2026
Shark Attack 3 (2002): The CGI that defined a generation;473658;03/02/2026
"The ""Hot Wheels"" moment in In Time (2011)";12993;03/02/2026
Goosebumps (2015): The worst throw in movie history;12599;03/02/2026
Goosebumps (2015): Science vs. Werewolves;20137;03/02/2026
D&D: Honor Among Thieves (2023): Owlbear vs. Sofina;27914194;03/02/2026
Camera Man Deserves A Raise - La La La Land's (2016) Behind The Scenes;12845;03/02/2026
John Wick 3 (2019): No CGI, just a massive physical drop;10498;03/02/2026
this random cop is the GOAT of Ghost Rider (2007);1495;03/02/2026
The Dark Knight Rises (2012): Adrenaline vs. Strategy;13272;03/02/2026
Red Lights (2012): The crush Elizabeth Olsen couldn't hide;42917;03/02/2026
Our Hospitality (1923): No CGI, just a rope and faith;28664;02/02/2026
"The one scene Johnny Depp ""quit"" - Behind The Scenes";7152;02/02/2026
The Twist Was In Front Of Our Eyes - The Prestige (2006);4566026;02/02/2026
Cillian Murphy 3,000 cigarettes per season?;24254;02/02/2026
Incredibles 2 (2018) Read Description For Context;5076;02/02/2026
Cillian Murphy hated his delivery in Batman Begins (2005);7557;02/02/2026
Was Neville was the real villain in I Am Legend (2007)?;6857;02/02/2026
Yankee Doodle Dandy (1942): One take, zero permission, pure genius;28508;02/02/2026
Three Ages (1923): The fail that changed the script - Buster Keaton;11387;02/02/2026
Peaky Blinders: The Immortal Man: Tommy Shelby is back;18234;01/02/2026
Why Mike Myers re-recorded all of Shrek (2001);6840;01/02/2026
The $750,000 Buster Keaton Train Wreck - The General (1926);704505;01/02/2026
Buster Keaton filmed with a broken neck - Sherlock Jr. (1924);66334;01/02/2026
Jurassic Park (1993): Hollywood vs. Real Science;20227;01/02/2026
Jurassic Park (1993): Creating terror with a single string;26340;01/02/2026
Pirates of the Caribbean (2003): Depp vs. Disney Executives;82325;01/02/2026
Peaky Blinders (2013): 3,000 cigarettes per season?;5103582;01/02/2026
The Wizard of Oz (1939): The dark side of the Yellow Brick Road;7417;31/01/2026
The day Thor learned about ceramics - Thor (2011);7406;31/01/2026
Jurassic Park (1993): Our first childhood horror movie;10859;31/01/2026
"Why Lucifer ""saved"" John in Constantine (2005)";12435;31/01/2026
Forrest Gump (1994) They almost cut the most iconic sequence;88842;31/01/2026
Heads of State (2025): The worst first day on the job;1653;31/01/2026
Forrest Gump (1994) The Kid Who Directed Tom Hanks;9126;31/01/2026
"The Fast and the Furious: Tokyo Drift (2006): The ""Decoy Director"" strategy";61294;31/01/2026
"The Cabin in the Woods (2012): Hiding ""Muscular Jesus""";8058;31/01/2026
The Mummy Returns (2001): Why Imhotep’s scream is accidentally hilarious;42603;31/01/2026
Leo Had To Get Stitches Because Of This Scene - Django Unchained (2012);6180;30/01/2026
Is This An Ace Ventura Reference ? The Mummy Returns (2001);6771;30/01/2026
Thor: Ragnarok (2017): The Doom reference you missed;44357;30/01/2026
"The Incredibles (2004): The ""Honey"" detail you definitely missed";14847;30/01/2026
"Breaking Bad (2013): The meme that defined ""Success""";4703;30/01/2026
Hardcore Henry (2015): When an extra misses their mark;17676;30/01/2026
The Suicide Squad (2021): Margot Robbie’s unrivaled dedication;1086;30/01/2026
The Cabin in the Woods (2012): From bankruptcy to box office gold;459669;30/01/2026
Sofia Boutella trained for Kingsman: The Secret Service (2014);83002;30/01/2026
The Grand Budapest Hotel (2014) - Prison Inspection;5317;30/01/2026
Breaking Bad S5, EP14: The moment the White family was finished;4502;29/01/2026
Timothée Chalamet lost 18 pounds for Beautiful Boy (2018);6804;29/01/2026
Sigourney Weaver’s legendary bad dub explained Galaxy Quest (1999);13933;29/01/2026
Spider-Man: Homecoming (2017) The audition that broke Timothée Chalamet;5945;29/01/2026
Deadpool & Wolverine (2024) - Marlon Brando Gag;5252;29/01/2026
Deadpool (2016) - The Budget Limitation;24560;29/01/2026
Tropic Thunder (2008) - RDJ's Casting;1098;29/01/2026
The medieval duel in The King (2019) that actually looks realistic;7917;29/01/2026
Why Deadpool’s (2016) iconic swords would break a real person’s arms;7527;29/01/2026
White Boy Rick (2018) The audition that broke Timothée Chalamet;49781;28/01/2026
The moment Deadpool & Wolverine (2024) made cinema history;216909;28/01/2026
Tropic Thunder (2008) RDJ never stepped out of character;5358;28/01/2026
Borat (2006) invented professional trolling - Dinner Scene;5574;28/01/2026
The most awkward swim in Pirates of the Caribbean (2017);1444;28/01/2026
Jason Momoa skipped the VIP section at Black Sabbath’s final show;930;28/01/2026
Jurassic World Rebirth (2025) Reminds Us that while dinosaurs don't lactacte;968;28/01/2026
The logic-defying sword fight in Transformers: The Last Knight (2017);14312;28/01/2026
Jonah Hill derailed a serious panel with a fart machine;2919;28/01/2026
Heath Ledger’s first take was all Christopher Nolan needed in The Dark Knight (2008);10435;28/01/2026
"Why the executioner asked ""Where’s my sword?"" in Wolf Hall (2015)";186462;28/01/2026
The Now You See Me (2013) stunt that almost went wrong;13027;28/01/2026
Behind The Scenes Spider-Man (2002) Fight Scene;25639;28/01/2026
Eric Bana & Brad Pitt Fight Scene Bet - Troy (2004);8863;27/01/2026
Troy (2004) Achilles Ruptured His Achilles Tendon;35453;27/01/2026
The two requests Tom Cruise had for Tropic Thunder (2008);10458;27/01/2026
"""Give me fat hands and let me dance"" - Tropic Thunder (2008) Credits Tom Cruise";6584;27/01/2026
"Before he was Marty Supreme: Timothée Chalamet’s ""Yeet"" Era";6814;27/01/2026
Zendaya’s reaction to this deep realization is everything - Timothée Chalamet Press Tour Dune (2021);100925;27/01/2026
Real Thermal Camera Used To Film This Scene In Sicario (2015);5699;27/01/2026
The ruthless script change that defined Sicario (2015);6822;27/01/2026
"The ""secret"" script hidden in plain sight - In 1917 (2019)";4242;27/01/2026
"The time Bill Hader and Fred Armisen went ""Full British"" on SNL (2012)";3076;27/01/2026
"Why Harlan’s ""prop knife"" joke is the perfect payoff - Knives Out (2019)";2346;27/01/2026
Method acting at its finest: When the slap wasn't in the script - Mermaids (1990);1399;27/01/2026
Visually Stunning, but terrible tactics - The Hobbit: The Battle of the Five Armies (2014);7951;27/01/2026
After the premiere of Interstellar (2014) Timothée Chalamet cried for a straight hour;4549709;26/01/2026
Kraven’s second sniff is the best part - Kraven The Hunter (2024);7184;26/01/2026
I don't read the script, the script reads me - Tropic Thunder (2008);9274;26/01/2026
The most unnecessary final hit in Kung Fu Hustle (2004);177885;26/01/2026
Bully Maguire is the pettiest version of Spider-Man - Spider-Man 3 (2007);10063;26/01/2026
Audience Reaction For Heath Ledger Winning Oscar;5158;26/01/2026
Heath Ledger Locked Himself in a Hotel for 6 Weeks;8265;26/01/2026
Heath Ledger Made A Super Fan Faint;4806;26/01/2026
The cost of Captain Miller’s mercy - Saving Private Ryan (1998) POW Released;17721;26/01/2026
The sick detail hidden in the mid-air bullet collision - Wanted (2008);27923;26/01/2026
The butchered Japanese line in Toy Story 2;15867;26/01/2026
"Jackson was ready to ""stand on business"" for Captain Miller - Saving Private Ryan (1998)";320740;26/01/2026
The symbolism behind the leaking canteen - Saving Private Ryan (1998) Medic Scene;35836;26/01/2026
Heath Ledger’s Joker was the most committed role ever filmed - The Dark Knight (2008) Movie Scene;18291;25/01/2026
Who thinks of this stuff? Movie Scene;12496;25/01/2026
The most out of pocket weapon in action movie history - Movie Scene Machete Kills (2013);14667;25/01/2026
Deadpool (2016) Was Teasing Deadpool & Wolverine All Along;4818;25/01/2026
Steven Spielberg gave Tom Sizemore an ultimatum - Saving Private Ryan (1998);21773;25/01/2026
Department of Veterans Affairs set up a hotline Because of this Movie Scene - Saving Private Ryan;3647;25/01/2026
James Gunn really took the one-and-only F-word - Avengers: End Game (2019);3736;25/01/2026
She sank 3 balls on her FIRST try - The Dick Van Dyke Show;1662;25/01/2026
Deadpool’s head breaking the 4th wall - X-Men Origins: Wolverine (2009);75133;25/01/2026
This scene came out of nowhere... Shazam! (2019);45336;25/01/2026
Tom Holland’s facial expression In Avengers Infinity War;3800;25/01/2026
Captain Miller’s final act of resistance against a German tank - Saving Private Ryan (1998) Scene;38111;24/01/2026
a helmet is faster than a reload - Saving Private Ryan (1998) Scene;691687;24/01/2026
The $11 million scene that changed how we see war movies forever - Saving Private Ryan (1998);6274;24/01/2026
The time Leo DiCaprio pretended to be a crazed fan to scare Jonah Hill;990407;24/01/2026
Is Galactus trying to find a hidden Celestial?;3875;24/01/2026
Chris Hemsworth is focusing on memories now more than ever;6704353;24/01/2026
Galactus is the most dangerous cosmic predator in Marvel;6513;24/01/2026
Losing Sam is the saddest ending in cinema - I Am Legend (2007);55750;24/01/2026
"The iconic sci-fi role that was too ""bold"" even for Prince - The Fifth Element (1997)";44082;24/01/2026
The brilliant way Jim Carrey turned a mistake into a masterpiece - Lemony Snicket;23498;24/01/2026
Star Wars 3 Revenge Of The Sith Deleted Scene Anakin & Obi-Wan;11859;23/01/2026
Obi-Wan realized Anakin might actually know what he’s talking about - ROTS Deleted Scene;3829462;23/01/2026
heartbreaking Dumb and Dumber (1990) scene that explains Lloyd’s entire character;21758;23/01/2026
The moment Elijah Wood realized his co-star was the world's biggest troll;18774;23/01/2026
That moment Elijah Wood realized his interview was actually a 10/10 prank;32983;23/01/2026
Sofia Coppola's Role In The God Father Part 3 (1990);3754;23/01/2026
"Clint Barton’s ""impossible"" trick shot was years of muscle memory - Hawkeye (2021)";648;23/01/2026
"Proof that Jackie Chan really does his own ""stunts""  - Shanghai Noon (2000) Blooper";26946;23/01/2026
The actor who made $54 million just for saying the same three words in every language;39730;23/01/2026
The subtle moral detail in Fantastic Four: First Steps (2025);12648;23/01/2026
In Black Widow (2021) Pay attention To Red Guardians Tattoos;68075;22/01/2026
In Black Widow (2021) The improvised MCU joke that was way too good to leave out;36863;22/01/2026
Fantastic Four: First Steps (2025) Galactus Behind The Scenes Costume Details;5278;22/01/2026
The Voice Behind Galactus In Fantastic Four First Steps (2025);25379;22/01/2026
"The ""impassable"" Star Wars gate that was actually just a minor inconvenience - Star Wars Obi Wan";1011;22/01/2026
"The ultimate ""I didn't see that coming"" moment in sci-fi history - John Carter (2012)";26421;22/01/2026
"Why they had to give Killa a ""fat suit"" just to keep John Wick alive - John Wick chapter 4";15908;22/01/2026
The $237 million mistake in Avatar that you probably missed.;31155;22/01/2026
As a kid, I never caught this insane parallel between Anakin and Dooku - Star Wars Scene;13192;22/01/2026
In Fantastic Four: Rise of the Silver Surfer (2007), General Hager gets taken out;8069;22/01/2026
This Cult Classic Made 1,600x More on DVD Than in Theaters - Boondock Saints (1999);370295;21/01/2026
Tom Hanks Changed His Accent to Match the Child Actor in Forrest Gump (1994);9214865;21/01/2026
In the Harry Potter books, unaided flight is basically impossible - Harry Potter (2001);14621;21/01/2026
"In Three Thousand Years Of Longing (2022) The most unsettling ""wall-crawl""";3061101;21/01/2026
In The Mummy (1999) A 3,000-Year-Old Mummy Speaking Modern Hebrew Makes No Sense;13385;21/01/2026
Jeff Bridges Got Scanned the Same Way His Character Did 30 Years Later;8990;21/01/2026
Julie Andrews' Trip in The Sound of Music (1965) Was a Complete Accident;8300;21/01/2026
Gwyneth Paltrow Was Barefoot in Avengers to Fix a Height Problem;1754;21/01/2026
The Smartest Piece of Tactical Advice in Captain America: Civil War (2016);18195;21/01/2026
In Undercover Brother (2002) This is the most complicated 2-factor authentication in history;39416;21/01/2026
Leonardo Dicaprio's Whistle In One Battle After Another (2025);36960;20/01/2026
Outfit Detail You Probably Missed In Hostiles (2017);1875019;20/01/2026
In Django Unchained (2012) Calvin Candie decides to push his luck by insisting on a handshake;26891;20/01/2026
In Spider Man: No Way Home Spiderman (2021) Cures Green Goblin But at What Cost?;21663;20/01/2026
In Cool Hand Luke (1967) Joy Harmon Refused To Smoke For This Scene.;19884;20/01/2026
Marvel really kept the best footage in the vault for no reason - Gaurdians of the Galaxy Bloopers;22990;20/01/2026
"When you realize the ""impossible"" staircase was just top-tier carpentry - Inception (2010)";65124;20/01/2026
Proof that Jack’s sacrifice was the only thing keeping Rose afloat - Titanic Behind The Scenes;16840;20/01/2026
The moment Calvin Candie realized he pushed Dr. Schultz too far - Django Unchained (2012);40206;20/01/2026
"Aslan saving Peter is the ultimate ""clutch"" movie moment - The Chronicles of Narnia (2005)";15279;19/01/2026
Aslan’s roar at the Battle of Beruna is absolute cinema - The Chronicles of Narnia (2005);11647;19/01/2026
When the real King shows up to end the fight - The Chronicles of Narnia;32022;19/01/2026
Proof that George Lucas can turn any real-life accident into a masterpiece;32781;19/01/2026
Proof that 1980s malls were more confusing than military experimental aircraft;16568;19/01/2026
Bruce Wayne’s gym membership vs. Superman’s literal God powers;49104;19/01/2026
"Rose really looked at her grandkids' college fund and said ""yeet""";24580;19/01/2026
The most Peter Parker moment to ever happen on a different movie set;48907;19/01/2026
The moment Swoosie Kurtz actually broke Jim Carrey with a roast - Liar Liar (1997) Blooper;1847458;18/01/2026
Jim Carrey Elevator Scene With Krista Allen - Liar Liar (1997) Blooper;36875;18/01/2026
Proof that practical effects will always be superior to CGI - Bootstrap Bill At World's End;13419;18/01/2026
Why low-budget creativity will always beat CGI - 28 Days Later Facts;48786;18/01/2026
"When the ""real"" reaction is 100x better than anything scripted - Titanic Behind The Scenes";52450;18/01/2026
When the cameraman loses it, you know the joke was top-tier;31785;18/01/2026
Heimdall sending Hulk to Earth was the most clutch play in MCU history;64934;18/01/2026
Johnny Depp Became Jack Sparrow Mid-Speech - Disney Awards 2015;423734;17/01/2026
Willem Dafoe really went full Green Goblin on Pedro Pascal;2851593;17/01/2026
Leonardo DiCaprio almost had to change his name to Lenny Williams - VC / @newheightshow;18904;17/01/2026
Hellstrom really caught them in 4K with just three fingers Inglourious Basterds (2009) Tavern Scene;31232;17/01/2026
The Behind-the-Scenes Truth About the Joker's Pencil Trick - The Dark Knight (2008);8011;17/01/2026
The tiny mistake that ended the tavern scene in Inglourious Basterds (2009);612;17/01/2026
The subtle character details you missed - Inglourious Basterds (2009);2448515;17/01/2026
The subtle detail in Inglourious Basterds that explains Stiglitz's past - Inglourious Basterds 2009;1297;17/01/2026
Adam Sandler Almost Played the Bear Jew in Inglourious Basterds;2094;17/01/2026
The most wildly creative use of bulletproof glass in movie history - Nobody (2021);38571;17/01/2026
Proof that real-life experience makes for the best movie details - The Lord Of The Rings;727;17/01/2026
When the movie gives the random background soldier elite-tier aim - Wonder Woman (2017);54263;17/01/2026
Why practical suits will always be scarier than CGI - Silent Hill (2006);40976;17/01/2026
The 0.01% chance that actually saved the entire mission - Interstellar (2014);42310;17/01/2026
This Hand Gesture in Inglourious Basterds (2009) Reveals Everything;2240593;16/01/2026
"Eli Roth’s ""Bear Jew"" transformation was pure nightmare fuel - Inglourious Basterds (2009)";346599;16/01/2026
The Opening Scene Tarantino Says Is His Masterpiece - Inglourious Basterds (2009);11181;16/01/2026
Tarantino Called This His Best Scene Ever Written - Inglourious Basterds (2009) Opening Scene;15271;16/01/2026
"Bruce Almighty really sent that monkey back to its ""happy place"" - Bruce Almighty (2003)";8219;16/01/2026
The most unhinged way to test out divine abilities 😂- Bruce Almighty (2003) God Powers;14538;16/01/2026
Bruce Almighty really used God's powers to be a menace 💀- Bruce Almighty (2003);47068;16/01/2026
Happy Gilmore really went 0 to 100 on a piece of plastic - Happy Gilmore (1996) Mini Golf Scene;8837;16/01/2026
The MCU really did us dirty with this villain's ending - Nick Fury vs Gravik;12691;16/01/2026
Monica Bellucci looks incredible, but they gave her zero screen time - Beetlejuice (2024);7594;16/01/2026
Jackie Chan actually breaking character because of Chris Tucker is gold - Rush Hour 3 Blooper;134413;16/01/2026
They actually created a real, learnable alien language for this movie - Arrival (2016);122111;16/01/2026
The detail in Interstellar that makes the water planet 10x scarier - Interstellar (2014);108252;16/01/2026
When A Real-Life Blooper Becomes The Best Part Of The Episode - Modern Family Show;18391;15/01/2026
Why The Omnidroid Is Actually A Top-Tier Chiropractor - The Incredibles (2004);539145;15/01/2026
"The ""Yo Mama"" Battle That Defined A Generation - White Chicks (2004)";10437;15/01/2026
Why Stifler Is The Most Loyal Friend - American Reunion (2012);44979;15/01/2026
The Exact Moment Bloodsport Met His Match - The Suicide Squad (2021) Blooper;23411;15/01/2026
Sean Gunn's Taste Test Was Not In The Script - The Suicide Squad (2021) Blooper;23259;15/01/2026
"The ""Toilet Seat"" Roast That Went Horribly Wrong - The Suicide Squad (2021) Blooper";35055;15/01/2026
"The Exact Moment The ""Good Luck"" Ran Out - Good Luck Chuck (2007) Pier Scene";38306;15/01/2026
Sigourney Weaver’s SECRET Talent - Galaxy Quest (1999);14202;15/01/2026
"The ""Property Damage"" King of Smallville - SmallVille (2001) Scene With Clark Kent";23629;14/01/2026
Sigourney Weaver's Suit Was A Secret Tribute To Catwoman - Galaxy Quest (1999) Movie Scene;42956;14/01/2026
Sam Rockwell Literally Made Sigourney Weaver Break Character - Galaxy Quest (1999) Movie Scene;876427;14/01/2026
Sigourney Weaver’s Line Was TOO Real For PG Ratings - Galaxy Quest (1999) Movie Scene;31785;14/01/2026
She Really Made This Toy Horse Legendary - Store Scene - Career Opportunities (1991);4520;14/01/2026
James Earl Jones Used To Stutter - The Angriest Man in Brooklyn (2014);1291652;14/01/2026
Elizabeth Hurley was a Fembot the whole time?! - Austin Powers: The Spy Who Shagged Me (1999);155697;14/01/2026
Cameron Diaz’s First Film, With Jim Carrey - The Mask (1994);47146;14/01/2026
The Casual Attire That Signals Real Power - Sicario (2015);56263;14/01/2026
Tom Cruise’s Cameo In Austin Powers - Austin Powers in Goldmember (2002);31557;14/01/2026
I’m Convinced This One Scene Proves The Angels Can Sell Any Disguise - Charlies Angels (2000);33982;14/01/2026
Dum-E Is the Only Bot in the MCU That Never Turned on Tony Stark - Iron Man (2008);22954;13/01/2026
This Scene Was Mike Myer's Favorite Joke In Austin Powers: International Man Of Mystery (1997);39640;13/01/2026
In Twilight (2008), that iconic forest scene where they glide through the trees wasn't CGI;2814337;13/01/2026
This One Tape Is The Reason She Became A Superstar - Cameron Diaz Audition For The Mask;103509;13/01/2026
I’m Convinced Cameron Diaz Had More Fun Than Anyone Else On This Set - The Mask - Jim Carrey;40555;13/01/2026
While Filming The Dark Knight Rises (2012), They Kept The Ending A Secret.;67271;13/01/2026
The Greatest Sports Entrance Of All Time? - Balls of Fury (2007);7183;13/01/2026
The point of NO RETURN for the Imperium - Dune: Part Two (2024);21115;13/01/2026
The Harkonnens Never Saw Them Coming - Dune: Part Two (2024);6695;13/01/2026
POV: You’re At A Party & This Guy Walks In - The Dark Knight (2008) - The Joker;50008;13/01/2026
Robin Williams Delivers A Joke So Fast That Conan Doesn't Even Finish His Sentence;1511435;12/01/2026
This One Scene Defines The Entire Dunkirk Experience -- Dunkirk (2017) Beach scene;123844;12/01/2026
"Ryan Reynolds’ ""Suspicious"" Response - Audience Q&A – SNL50";2504820;12/01/2026
Chris Hemsworth forgot he wasn’t Thor - Men in Black: International (2019);584408;12/01/2026
Why Jackie Chan Is The GOAT Of Stunts In This Movie Scene - Who Am I? (1998);3352;12/01/2026
In Deep Blue Sea (1999) I Never Realized That The Mako Shark;7392;12/01/2026
Terry Crews practiced this for WEEKS - White Chicks (2004);43489;12/01/2026
"The ultimate ""Main Character"" reveal - The Great Gatsby (2013) – Leo’s Entrance";26027;12/01/2026
Robin Williams’ final goodbye to the world - Night at the Museum 3 (2014);19059;12/01/2026
The deep ocean is scarier than space - Underwater (2020) – Cthulhu / Deep Sea;11279;12/01/2026
The Pursuit Of Happyness Ending Is Officially The Best Full-Circle Moment;42842;11/01/2026
The Moment Homelander Exposed Victoria's Secret - The Boys;386003;11/01/2026
Batman Has The Punching Power Of An SUV;3289700;11/01/2026
Stranger Things S5 Sound Designer Error With Revolver - Hopper & Vecna;169935;11/01/2026
Terry Crew's Dancing Scene Is Legendary To This Day - White Chicks;1589209;11/01/2026
"Jack Sparrow’s Compass Being ""Broken"" Is The Best Plot Device - Pirates of The Caribbean";83273;11/01/2026
The Most Legendary Interaction Between John Wick And A Very Smart Informant;160041;11/01/2026
Waiting Nearly A Millennium For His Son - Legacy Time Dilation;25499;11/01/2026
It Took Over 90,000 Gallons Of Water For This One Scene - Titanic Behind the Scenes;150198;11/01/2026
The Most Famous Scream In History Started In The Film Distant Drum (1951);46633;11/01/2026
The Most Wholesome Film Set Rule Ever - Inglourious Basterds - Quentin Tarantino;17025;11/01/2026
Bruce Banner Quitting Mid-Battle Is The Funniest Avengers Moment Ever - Avengers (2012) BTS;31779;10/01/2026
Jennifer Lawrence & The Beast Hype Man - X Men Apocalypse Behind The Scenes;35244;10/01/2026
Everything Vanished Except The Cosmic Pager - Avengers: Infinity War;1632204;10/01/2026
Makkari’s Scenes Were The Highlight of Eternals;42158;10/01/2026
Marvel’s Best Visual of The Blip In The Entire MCU?;9472352;10/01/2026
The Secret Behind Edward's Physique In The Twilight Saga New Moon;150987;10/01/2026
Cap’s Backflip Was 100% PURE Athleticism 🤸‍♂️🔥;2007995;10/01/2026
The Moment Leonardo DiCaprio Becomes Jordan Belfort - The Wolf of Wall Street Behind The Scenes;607374;09/01/2026
The Most Heartfelt Way A Director Ever Kept His Crew’s Spirits High - Inglourious Basterds;12144126;09/01/2026
Sigourney Weaver: Real Life Baller - Alien: Resurrection Behind The Scenes;1556115;09/01/2026
Sigourney Weaver Sank The IMPOSSIBLE Basketball Shot - Alien: Resurrection (1997) Behind The Scenes;956521;09/01/2026
The T-1000 Was A Real-Life Machine - Terminator 2 - Robert Patrick;62181;09/01/2026
He Didn't Have To Do Will Smith Like That - iRobot - Will Smith;35980;09/01/2026
Young Biff Really Had NO Chill With Future Biff - Back To The Future II;3430873;09/01/2026
Red Notice (2021) Museum Stand Off;14188;09/01/2026
"The Flash’s ""Realistic"" Run Is Pure Chaos - The Flash (2023)";106996;09/01/2026
Ryan Reynolds Roasted The Rock’s Hairnet - Red Notice (2021);1014333;09/01/2026
The Key & Peele Hype Man Skit Was Based Off A Real Rap Battle;186675;08/01/2026
I’m Convinced Hans Landa Knew They Were Fakes From The Very First Syllable - Inglourious Basterds;35427;08/01/2026
There's No Way Han Solo Waited 30 Years To Fire Chewie’s Bowcaster - The Force Awakens (2015);45801;08/01/2026
Legendary Interaction Between Jackie Chan & Native Americans - Shanghai Noon (2000);2888248;08/01/2026
Arnold Decided To Turn A Battle Scene Into A Ballroom Dance - The Terminator 3 Bloopers;133763;08/01/2026
Kirsten Dunst (Mary Jane) Balcony Stunt In The Spider Man 2 - Behind The Scenes;43056;08/01/2026
Penelope Cruz & Johnny Depp in Blow (2001);43600;08/01/2026
Behind the Scenes of The Terminator 3 T-X Practical Gag - Kristanna;6795642;08/01/2026
Why The David Hasselhoff Double is Giant - The Spongebob SquarePants Movie Behind The Scenes;23523;08/01/2026
Leo's Wedding Dance In The Wolf Of Wall Street Is Officially The Best Improv Ever;498268;08/01/2026
The Most Unserious Moment With Matthew McConaughey & Leonardo DiCaprio - Wolf of Wallstreet;38665;07/01/2026
They Were TOO FAST For The Filmmakers - The Phantom Menace - Obi Wan & Darth Maul Training Session;8838426;07/01/2026
Disney Refused To Use AI To Bring Back Robin Williams Voice For Their 100th Anniversary;38827;07/01/2026
The Most Unserious Interaction Between A Dictator And A Guy Who Wants A Salad - The Dictator;61616;07/01/2026
Grandmas Once A Year - Spider-Man 3 Alley Scene;41021;07/01/2026
I’m Convinced This Henchman Had A Personal Vendetta Against Robin Williams - Flubber;9219;07/01/2026
Captain Salazar Trying To Find Jack Sparrow Is Peak - Dead Men Tell No Tales;11593;07/01/2026
This Back To The Future Blooper Is The Most Unfiltered Moment In 80s History - Michael J Fox;817295;07/01/2026
Michael J Fox Gets Sandwiched Between Two Horses In The Old West - Back To The Future III Blooper;204231;07/01/2026
Nick Investigated The Raft But It Was A Mistake - Grown Ups 2;35035;07/01/2026
The Most Unserious Interaction Between A Superhero And His Technical Support - Birdman (2014);49533;06/01/2026
The Background Extras Couldn't Handle This Hilarious Key & Peele Skit;3020221;06/01/2026
"Why ""The Impossible"" Only Had One Shot To Film The Tsunami Scene";1528395;06/01/2026
Jenna Ortega Saw Emma Myers' Whole Life Flash Before Her Eyes - Blooper;35201;06/01/2026
Jim Caviezel In The Passion Of The Christ - No Actor Comes Close To The Dedication;121371;06/01/2026
Jim Caviezel Put His Body On The Line For This Intense Role - The Passion of The Christ;228385;06/01/2026
The Tendril Scene Is Officially The Most Disturbing Moment In The Last Of Us;4813;06/01/2026
The Most Unserious Tactical Decision In DC History - Aquaman;8070;06/01/2026
Jackie Chan Performs His Own Stunts - Rush Hour 3;1578073;06/01/2026
Nightcrawler In Dark Phoenix Is Officially The Most Terrifying Version Of The Character;1978276;06/01/2026
Johnny Storm Is The Most Legendary Sibling In Superhero History;3233;05/01/2026
The Grill Guy Was The Only Person Actually Worthy Of Lifting Mjolnir;9251;05/01/2026
The Giant Ant Scene In Indiana Jones 4 Is Actually A Total Nightmare;713326;05/01/2026
The Undead Army In The Mummy 3 Has More Personality Than Most Modern Villains;115024;05/01/2026
The Aliens In Edge Of Tomorrow Literally Ignored Tom Cruise At First;338185;05/01/2026
"I Have No Idea How The Writers Thought This ""Boss Fight"" Was A Good Idea - Walking Dead";872120;05/01/2026
The Subtle Animation Detail That Proves Scar Was Always The Ultimate Villain - The Lion King;17653;05/01/2026
I’m Convinced This One Scene Took 4 Business Days To Film - Scary Movie;26661;05/01/2026
Tom Hanks’ Brother Had To Film The Running Scenes In Forrest Gump;210970;05/01/2026
The Real Frank Abagnale Arrested Himself In Catch Me If You Can;21440;05/01/2026
Jackie Chan Accidentally Created The Funniest Blooper In Rush Hour 3;681128;04/01/2026
Should This Have Been The Original Ending? - Get Out Alternative Ending;39224;04/01/2026
Did You Know This About The Texas Chainsaw Massacre (1974);20274;04/01/2026
Why The Ending Of Texas Chainsaw Is Actually The Darkest Moment In Horror History;1753876;04/01/2026
The Final Episode Of Teen Titans Go Is Actually Much Darker Than You Realize;10278;04/01/2026
I’m Convinced This Comic Book Detail Makes Venom The Most Loyal Symbiote Ever;733309;04/01/2026
Did Johnny Depp Convince The Director A Helicopter Belonged In The 16th Century?;216365;04/01/2026
Johnny Depp & Jack Blooper - Pirates Of The Caribbean Dead Men Tell No Tales;2065841;04/01/2026
Johnny Depp's Brain Hit Reset During This Blooper - Pirates Of The Caribbean Dead Men Tell No Tales;483509;04/01/2026
Jackie Chan Roasts Chris Tucker In Rush Hour Blooper;23593;03/01/2026
The Strudel Scene In Inglourious Basterds Is Actually A Form Of Psychological Control;8633477;03/01/2026
Bullet Train Movie Detail About Every Assassin;1162648;03/01/2026
This 'Mug' Cost The Studio $5,000 - Cabin In The Woods - Did you know;77958;03/01/2026
George McFly vs. The Rogue Milkshake 🥤💀 - Back To The Future Blooper;7642928;03/01/2026
The Nike Parody In Scary Movie 2 Is Still The Best Commercial Spoof Ever;14523;03/01/2026
Brenda Stole This Entire Movie With Just One Scene 💀 - Scary Movie 4;32159;03/01/2026
Scary Movie 2 Is Officially The Most Unserious Film In History;28330;03/01/2026
He Wasn't Acting In This Moment - The Passion Of The Christ;17689985;03/01/2026
This Scene From Scary Movie 4 Is Still The Most Unhinged Parody Ever;13403;02/01/2026
The Substance (2024) Old School Practical Effects - Body Dummy - Margaret Qualley;4536;02/01/2026
90s Movie Studios Were Actually Creating Hyper-Realistic Nightmares - Alien 3 - Prop;13561;02/01/2026
I’m Convinced Bob Only Survived This Scene Because Of His Super Reflexes - The Incredibles (2004);145138;01/01/2026
"Anakin Went From ""The Chosen One"" To ""The Fallen One"" - Star Wars Episode II Blooper";59220;01/01/2026
Hayden Tries To Save Natalie - Blooper - Star Wars Episode II;55189;01/01/2026
In Star Wars Episode II, Anakin Missed His Cue With Padme - Blooper;30301;01/01/2026
Jack Sparrow vs. Gravity - Blooper - Pirates of the Caribbean At World's End;92274;01/01/2026
Johnny Is Too Good At Playing A Drunk Pirate - Blooper - Dead Men Tell No Tales;2889988;01/01/2026
Leo’s Most Controversial Role Was Actually His Most Fun Experience Ever - Whats Eating Gilbert Grape;7416;01/01/2026
The Most Interesting Take On A Sniper Duel You’ll Ever See 💀 - Furiosa: A Mad Max Saga;9858730;01/01/2026
I’m Convinced The Pentagon Used Our Tax Dollars To Make This Movie Look Too Clean - Transformers;3832;01/01/2026
This Scene Would Have Been 10x More Terrifying If He Chased Them - In a Quiet Place;37032;01/01/2026
Why The Duffer Brothers Need To Take Notes From In A Quiet Place;25937;31/12/2025
"I’m Convinced Amy’s ""Mom"" Tattoo Is Her Only Personality Trait - Futurama";37096;31/12/2025
I’m Convinced This Is The Best Plot Twist In The Scary Movie Franchise;13655;31/12/2025
This 8-Year-Old Scene Is Still Aging Better Than Modern CGI 💀 - Transformers;47637;31/12/2025
I’m Convinced This Scene Is Why They Didn’t Get Sued - Austin Powers;14407;31/12/2025
Leonardo Dicaprio's Most Fun Movie Role Was In Whats Eating Gilbert Grape;14107;31/12/2025
It Took 50 Years For Fans To Realize This About Redbone;308463;31/12/2025
IT Pennywise Is Actually The Biggest Bully In Movie History 😭;15731;30/12/2025
I’m Convinced This Is The Most Chaotic Blooper In Comedy History - Ryan Reynolds & Salma Hayek;13026;30/12/2025
The Funniest Unscripted Mistake In Home Alone History - Blooper;38645;30/12/2025
The Moment Will Ferrell Made The Entire Crew Break Out in Laughter - Blooper;37708;30/12/2025
I’m Convinced Alfred Molina Is The Most Talented Villain In History - Spider-Man 2 Blooper;3769424;30/12/2025
"Sam Raimi Gave Alfred Molina ""Extra Motivation"" On Set of Spider-Man 2";12484181;30/12/2025
Why This Dance Made Ana De Armas A Global Star - Blade Runner 2049;44984;29/12/2025
Hans Zimmer Gave Up Tenet for Dune (2021);3724;29/12/2025
Why The Snow In The Wizard Of Oz (1939) Was Secretly Deadly;2781;29/12/2025
Chadwick Stayed In Character During This Blooper - Avengers Infinity War;2628;29/12/2025
"This Grinch ""Blooper"" Stayed In The Final Movie - The Grinch Jim Carrey";53212;29/12/2025
This Bruce Almighty Blooper Is Comedy Gold;2443;29/12/2025
I’m Convinced Gregory Peck Is The King Of Pranks;3019;29/12/2025
Jim Carrey Almost Lost An Arm For This Blooper - Bruce Almighty;2408;29/12/2025
Why This Performance Is Actually A Masterclass In Psychological Control - The Truman Show;30842;29/12/2025
I’m Convinced The Twins Were Just Stalling To Save The Show - The Truman Show;30042;28/12/2025
"The Secret ""Money Saving"" Trick Behind The Truman Show Soundtrack";17502;28/12/2025
Every Dog In The Truman Show Was Actually A Snitch;2169;28/12/2025
Why This Library Scene Was Officially Christof’s Biggest Mistake - The Truman Show;38243;28/12/2025
Why Marlon Was Secretly Panicking During This Scene - The Truman Show;45846;28/12/2025
Philippe Petit Conquered The Twin Towers And Got Arrested For It;1741;28/12/2025
"Why Spawn’s ""Defense System"" Is Officially The Greatest Movie Gadget - Spawn";3408;28/12/2025
This Is Officially The Most Overpowered Suit In Cinema History - District 9;2357;28/12/2025
Wikus Really Became A Legend In Just Two Seconds - District 9;6426;28/12/2025
Mr. Pea Body & Sherman - Robespierre;44965;28/12/2025
Jamie Foxx Really Broke Denzel Washington With This Impression 😭;36100;27/12/2025
Gunpowder Really Used Geometry To Win Against Butcher - The Boys;1698;27/12/2025
This Scene From For Colored Girls Will Forever Be A Classic;15318;27/12/2025
The Most Expensive Mistake In Movie History - The Hateful Eight (2015);43156;27/12/2025
Why This Is Still The Best Version Of The Thing;22950;27/12/2025
Why Do People Think This Pulp Fiction Scene Was Improvised?;38331;27/12/2025
Before Marty Supreme, We had Drake & Josh;875;27/12/2025
"Austin Powers Going From ""Married"" To ""Single"" In 3 Seconds 🏃‍♂️💨";951;27/12/2025
Hawkeye Really Out-Mischiefed The God Of Mischief 😭💀- Avengers Age Of Ultron;2128;27/12/2025
Why Was Quicksilver So Slow In This Specific Scene? - Avengers: Age of Ultron (2015);1152;27/12/2025
This 90s Practical Effect Looks Way Too Real For Comfort 💀 - Alien 3 Boneless Prop;39657896;27/12/2025
Po’s Original Ending Was Actually Going To Be Heartbreaking... 😭💔 - Kung Fu Panda 4;66499;26/12/2025
How Did They Do This In 1937 Without Any CGI? - Sh! The Octopus (1937);23206093;26/12/2025
The Muppets Still Stayed In Character After This Blooper - Elmo;982;26/12/2025
Batman's Greatest Superpower Is Actually Just A Reliable Pharmacist 💊🦇 - Batman 1966;34421;26/12/2025
This Is Officially The Most Unhinged Superpower In Movie History 💀 - Superman II (1980);59014;26/12/2025
Mini-Me vs. The Trunk (The Trunk won) 💀🚗 - Austin Powers Deleted Scene;11482;23/12/2025
"Eminem Took ""Cleanin' Out My Closet"" A Little Too Literally 💀 - The Interview";36735;23/12/2025
How Brenda Survived Every Movie Needs To Be Studied 💀 - Scary Movie;889;23/12/2025
Cinema Peaked In 2007 And Hasn't Recovered Since 💀 - Rush Hour 3;29398;23/12/2025
He Really Had Enough Of The Soup Discrimination 😤 - The Boys;925;23/12/2025
Caleb's Gift For Finn Was So Unexpected 🥺❤️ - Secret Santa - Stranger Things;32300;23/12/2025
Perks Of Being A Wallflower - A Director’s Promise That Actually Came True - Emma Watson;1009;22/12/2025
This Matrix Scene Nearly Didn’t Exist - The Matrix - Movie Detail;1206;22/12/2025
You Missed This Killmonger Detail - Black Panther;35986;22/12/2025
The Silent Film Era Was Built Different;31005;22/12/2025
A Villain You Can’t Help But Root For - Black Panther;4613;22/12/2025
Tyler + Timothée Is The Most Random W In Film History;13847;21/12/2025
Jacob Elordi Shaping Frankenstein into Something Personal Hits Different.;9335;21/12/2025
Benicio Acting Like A Total G In One Battle After Another (2025);8373;21/12/2025
How Boo’s Dialogue Was Actually Created - Monsters Inc;24070;21/12/2025
28 Years Later isn’t just terrifying. It’s strangely beautiful.;4911;21/12/2025
Timothée Really Called Someone Out Mid-Screening 😭;16461;21/12/2025
Gladys Made This Story 10x Darker The Moment She Entered 😨 Weapons (2025);1944;21/12/2025
Obi-Wan Wasn’t The First — Anakin Stole The Title 😭 - Star Wars;36103;20/12/2025
The infected Weren’t Monsters — HE Was 💀 - I Am Legend - Alternate Ending;27062;20/12/2025
Han: “Where are my blasters?” Vader: 👁️👄👁️ - Star Wars Behind The Scenes;30605;20/12/2025
POV: Your Job is Getting Humbled Professionally 😭 - Star Wars Behind The Scenes;25100;20/12/2025
Hayden Was BUILT For This Role - Star Wars;29395;20/12/2025
This scene did Bruce Lee DIRTY 💀- Once Upon A Time In Hollywood;24575;19/12/2025
Tarantino Wrote The Perfect Mystery Box - Pulp Fiction;23076;19/12/2025
Tarantino Loves Leaving Puzzle Pieces Without Answers - Inglorious Bastards;29901;19/12/2025
Hayden Christensen Interview Parody With Little Vader;33016;19/12/2025
Was Rhodey a Skrull Since Civil War? 👀 - Avengers Endgame;32802;19/12/2025
The Last Time Peter Ever Saw Tony Alive 💔 - Avengers Endgame;23578;19/12/2025
He Really Said “Watch This” - Are We There Yet;31538;18/12/2025
The Early Scary Movie Humor Was Unmatched;35359;18/12/2025
Strength Level: Medically Concerning - Johnny English Reborn;13529;18/12/2025
Will Smith Wasn’t Acting Here 😭 - Independence Day;32354;18/12/2025
Tom Holland’s accent slips are cinematic gold - Spider Man Behind The Scenes;35526;18/12/2025
This Movie Is Based on a True Story - Unbroken (2014);13075;17/12/2025
Bro Did This On Their First Date - No Hard Feelings (2023);24220;17/12/2025
Pennywise Got Gaslit Into Believing He Worked A 9-5 - It: Welcome To Derry;15501;17/12/2025
Pennywise has pipes - It: Welcome to Derry;10495;17/12/2025
This Movie Didn’t Need CGI Because of Jim Carrey - Bruce Almighty;20481;17/12/2025
Good Cop, Bad Cop… Then This - The Heat (2013);22528;17/12/2025
That Wasn’t in the Script - The Heat (2013);42745;17/12/2025
Bro got the Disney Knees;2389;16/12/2025
Alien Clown Getting Cooked - It Pennywise;4053;16/12/2025
The Bravest Kid in Derry - It: Welcome To Derry;37735;16/12/2025
Pennywise on 1 HP;558;16/12/2025
Sleep-Deprived Pennywise Is the Real Villain - It: Welcome To Derry;44096;16/12/2025
This One Choice Changes Kung Fu Panda 4 Forever;16792;15/12/2025
They Really Threw Fruit at Johnny Depp for 8 Hours - Pirates of the Caribbean Behind The Scenes;44942;15/12/2025
Bro Was Invited to His Own Wedding 😂 - The Peaky Blinders;13097;15/12/2025
Tommy Shelby Is an Anime Protagonist - The Peaky Blinders;455;15/12/2025
Imagine Getting Prescribed This Today - The Peaky Blinders;12897;15/12/2025
Fun Fact About Bill Skarsgård As Pennywise in It.;47588;12/12/2025
Thomas Shelby Makes A Wager With Aberama - The Peaky Blinders;12544;12/12/2025
Did the Military Make the Right Choice In It: Welcome To Derry (2025)?;449;12/12/2025
Bill Skarsgård didn’t just play Pennywise — he became him.;33893;12/12/2025
Its Most Tragic Victim - It: Welcome To Derry (2025);7881;12/12/2025
Stranger Things S5 Demogorgen Gets Surprised;28000;11/12/2025
Did Eleven Make A Huge Mistake Helping 001? Stranger Things;22153;11/12/2025
Zuko Really Thought He Could Take Kyoshi 😭;31557;11/12/2025
In Smile 2, Joel Was Built Different;444;11/12/2025
In Smile 2, Skye Meets A Fan During A Meet & Greet.;39887;10/12/2025
Pennywise Thought He Cooked With That Line - It: Welcome To Derry (2025);17672;10/12/2025
Stranger Things Behind The Scenes S5 Practical Effects;25587;10/12/2025
Life of Pi (2012) Behind The Scenes - Real Tiger;32919;10/12/2025
If Batman (1989) Kept in the Leather Sounds Of His Suit Pt 2;19941;10/12/2025
If Batman's Suit Had Leather Sound Effects Pt. 1 (Batman 1989, Michael Keaton);38633;10/12/2025
Liu Kang Kept Spamming Circle🦵 In Mortal Kombat (2021);51098;09/12/2025
Spiderman Gets His Back Cracked By The Only Qualified Person;36733;09/12/2025
John Wick Has a Casual Convo With A Cop - Small Details;51550;08/12/2025
John Wick Missed Details In Plain Sight;34389;08/12/2025
Millie Bobby Brown Switches Accents Like a Pro During Interview;45220;08/12/2025
Adam Sandler Gives The Best Therapy Session - Big Daddy;44477;08/12/2025
Edward Norton Is a Beast in The Score (2001);41447;07/12/2025
Stranger Things S5 Interview - They Team Up On Charlie Heaton;40801;07/12/2025
Stranger Things Cast Reaction to Noah's Role During Table Read for Season 5;43258;06/12/2025
In Final Destination Bloodlines (2025) - Behind The Scenes - Practical Effects Used;45288;06/12/2025
Sixth Sense - The Best Plot Twist You'll Ever See;31199;06/12/2025
In Knocked Up Everyone Had Pink Eye But Martin Was Having the Best Time;35003;06/12/2025
Karen vs a Demogorgon in Stranger Things 5 - Epic Moment;2332;05/12/2025
Stranger Things Season 5 This Scene Had Me Rolling 😂😂;42073;05/12/2025
Stranger Things Season 4 Blooper With Harper & His Hair;225138;04/12/2025
Stranger Things Season 4 Blooper With Vecna;46834;04/12/2025
SPOILER - Stranger Things S5 You Might've Missed This Detail With Will;64969;04/12/2025
Tom Cruise & Ben Stiller Break Character in Mission Improbable;37289;03/12/2025
Stranger Things Caleb Got Vecna'd;29912;03/12/2025
Noah's Scream Took Me Out  💀💀;6303;03/12/2025
In The Boys They Got The Wrong Ashley;124402;03/12/2025
The Karate Kid (2010) Behind The Scenes Will Smith Calls Out Jackie Chan;48259;03/12/2025
Millie Poking Fun At Noah's Neck Grab Scene In Stranger Things;126976;03/12/2025
Arianna's Diabolical Improvised Line In Don't Look Up (2021);45996;03/12/2025
They Really Left This In Stranger Things S5 💀💀;31524;02/12/2025
In Stranger Things S4, Millie Startled Noah, Finn & Charlie;38109;02/12/2025
Brendan Fraser & The Noose Scene In The Mummy (1999);229189;01/12/2025
SPOILER - Stranger Things S5 Ending - Will Gains His Aura Back;20218;01/12/2025
Tom Felton Returns as Draco Malfoy On Broadway & The Crowd Loves It;27532;01/12/2025
Billy Was A Hero - Stranger Things S03;44394;30/11/2025
During a Stranger Things Interview Someone Cut One Loose 💨;36107;29/11/2025
Truth or Dare With Stranger Things Cast Is Comedy Gold;38705;29/11/2025
Millie Turns On Mommy Mode On Noah Stranger Things;40312;28/11/2025
How Did Will Miss This? Stranger Things Season 4;8717658;28/11/2025
In Deadpool & Wolverine, Cassandra Nova gets Rid of Johnny Storm;50583;27/11/2025
In Zoolander 2 (2016) All Married Hermself;39499;27/11/2025
Bob Reacts To Getting Fired By Margaret In The Proposal (2009);39788;26/11/2025
Margaret Lets Go Of Bob In The Proposal (2009);9968;26/11/2025
A Spine Chilling Scene in Passion of the Christ (2004);7672;25/11/2025
In Superman (1980) Clark Kent Saves Lois;23821;25/11/2025
Superman (1980) Pulls Out His Best Move;790232;25/11/2025
The Best Moment in The Huntsman Winter's War (2016) - Blooper;57187;25/11/2025
Harvey tells Louis A Joke in Suits;47054;25/11/2025
Imagine Paying to Get Sprayed in the Face - Dumb & Dumber (1994);22545;24/11/2025
Terminator Invented Human Verification Before the Internet;25043;24/11/2025
Alfie is the Only One That Can Put Tommy In His Place - Peaky Blinders;11685;24/11/2025
They Kept This Blooper In Doctor Stranger (2016);14632;23/11/2025
The Incredible Hulk (2008) Shows Abomination Who's Boss;56722;23/11/2025
Red Hulk (2025) vs Hulk (2003), Hulk '03 Jumps The Furthest;35196;23/11/2025
In Ready Player One (2018) Samurai Goes Out With Honor;95506;23/11/2025
The Matrix (1999) Is More Relevant Today Than Before;17753;23/11/2025
The Helicopter Scene In The Matrix (1999) Was Insane;36190;22/11/2025
Did You Know in Ready Player One (2018) The Director Left a Batman Easter Egg?;35112;22/11/2025
Vision Lifts Thor's Hammer - Avengers Age Of Ultron;49013;21/11/2025
Spider Man's Senses Don't Work Against Space Goo - Spider-Man 3 (2007);29822;21/11/2025
Colossus Doesn't Skip Breakfast - Deadpool (2016);5661;21/11/2025
Why Did Bruce Survive The Gamma Radiation - The Avengers (2012) & Endgame (2019);35936;20/11/2025
The Scene That Invented Bullet Time - The Matrix  (1999) Movie Detail;12079;19/11/2025
The Scene That Proved Trinity Was Built Different - The Matrix (1999);251634;19/11/2025
“Why Isn’t Neo Working?” — “Restart Him.” - The Matrix (1999);11481;19/11/2025
Neo Unlocks God-Mode - The Matrix (1999) Bullet Time Scene;39440;19/11/2025
When Neo Realizes the Matrix Can’t Hurt Him - The Matrix (1999);43723;19/11/2025
Fight Club Couldn't Have Happened Without Testicular Cancer Meetings;11799;19/11/2025
This Scene In Fight Club Destroyed $300 Worth Of Food - Movie Details;42096;18/11/2025
In Fight Club (1999) The Preacher Delivers The Holy Hands - Movie Details;914039;18/11/2025
The Narrator Foreshadows Something Crazy Early on In The Movie Fight Club (1999) - Movie Details;32209;18/11/2025
Edward Norton Really Hit Brad Pitt in This Fight Scene - Fight Club (1999) Movie Details;28550;17/11/2025
Fight Club (1999) - Easily Looked Over Fight Club Clue Before The Reveal;86606;17/11/2025
Tyler Was Driving… So Why Is Jack in the Driver’s Seat? Fight Club (1999) Movie Details;83626;17/11/2025
Fan Theory | The Airplane Scene Nobody Talks About in Fight Club (1999) - Movie Details;16727;17/11/2025
A Clue Everyone Missed in Fight Club (1999) Laundromat Scene - Movie Details;33152;16/11/2025
This Shot Quietly Exposes Fight Club’s Twist About Marla & Tyler - Fight Club (1999) Movie Detail;2813644;16/11/2025
Details You Might've Missed in Fight Club (1999) - Marla & Jack Dress Alike;148204;16/11/2025
If You Think Marla Was Real, Rewatch the Movie -- Fight Club (1999) Details You Might've Missed;231406;16/11/2025
When Motivational Quotes Go Horribly Wrong - The Interview (2014) Funny Movie Scenes;40574;16/11/2025
In IT: Welcome To Derry  S1EP1 Did You Notice That Teddy Has A Drawing On His Locker Of Him;22690;14/11/2025
It: Welcome to Derry S1EP1 The Ending Took Me Out ☠️☠️;26604;14/11/2025
It: Welcome To Derry (2025) Small detail You Might've Missed;7258;14/11/2025
The Clue Everyone Missed in Fight Club (1999) -- Hidden Details;314101;14/11/2025
This Moment Broke Me in the Best Way - Sinners (2025);157816;15/10/2025
Music Was Their Anchor When Time Tried to Take Everything Else - Sinners (2025);264602;15/10/2025
In Sinners (2025) 60 Years Later, Sammie Named His Jazz Club After His Love -- Movie Details;10840;15/10/2025
"The Song That Reveals Remmick’s Roots In Sinners (2025) - Movie Details - ""Rocky Road To Dublin""";66378;14/10/2025
“Wild Mountain Thyme” - A Folk Song with Deep Roots In Sinners (2025) - Movie Details;245677;14/10/2025
Tamale History In Plain Sight In Sinners (2025);543389;14/10/2025
In Sinners (2025), This Scene Is a Nod to Real Chinese American History;706088;14/10/2025
In Sinners (2025), Mary's Line Foreshadowed Her & Stack's Future -- Movie Details;1023;14/10/2025
In Sinners (2025), A Subtle Biblical Clue Lies In Plain Sight;2866;14/10/2025
This Scene in Sinners (2025) Shows A Fourth Cross - Movie Details;154213;13/10/2025
A Silent Omen in Plain Sight In Sinners (2025) Movie Details You Might've Missed;52092;13/10/2025
Smoke and Stack’s Suits Tell Their Story -- Sinners (2025);1548690;13/10/2025
The Symbolism Hidden in Stack's Color Palette -- Sinners (2025) Hidden Details;23792;12/10/2025
Why Smoke and Annie Wear Blue In Sinners (2025) Hidden Details Easter Egg;909752;12/10/2025
Remmick From Sinners (2025) Was Inspired by “Death” in Puss in Boots;506944;12/10/2025
The Vampire Hierarchy Is in Their Eyes -- Hidden Details In Sinners (2025);176524;12/10/2025
Why the Master Vampire in Sinners (2025) Is Irish - Hidden Details;1187;12/10/2025
This Scene Hits Different on a Rewatch, Sammy Use's Slim's Hum As Inspiration -- Sinners (2025);186787;11/10/2025
Annie Reads The Future & Finds Out The Night Was Already Written  -- Sinners (2025);103184;11/10/2025
The Snake Wasn’t Just a Snake In Sinners (2025) Hidden Symbolism;601350;11/10/2025
Maze Runner: Scorch Trials (2015) Teresa Makes a Deal With Ava But Thomas Disagrees With It;2307;11/10/2025
Maze Runner Scorch Trials (2015) Dylan O'Brien Sprinting For His Life;845;11/10/2025
Mark Glazes Himself - Invincible Season 4;798;10/10/2025
Wonderman (2026) - President of Boravia Got That Plot Armor;33352;10/10/2025
In Sinners (2025) When Music Becomes More Than Sound - Sammy Preacher Boy Guitar Scene;6699;10/10/2025
A Hum That Carried Generations — Sinners (2025);711;09/10/2025
In Sinners (2025), The Way Slim Physically Reacted The Second He Cracked That Bottle;612390;09/10/2025
In Ahsoka (2023) This Fight Honors The Roots Of Martial Arts Balance Over Brutality Ahsoka vs Baylan;34901;08/10/2025
Thrawns Return Star Wars Meets The Curse of the Black Pearl - Star Wars Ahsoka (2023);193613;08/10/2025
Not Even the Devourer of Worlds Can Escape an Awkward Entrance - The Fantastic Four: First Steps;2101;07/10/2025
Tim Curry’s Pennywise Is The Reason I Grew Up Hating Clowns, But Skarsgård In It Welcome to Derry;3799;07/10/2025
Vigilante Did What Peacemaker Couldn’t - Peacemaker S1 EP3;15949;06/10/2025
The Hidden Symbolism Behind Smoke’s Final Scene -- Sinners (2025);14176;06/10/2025
The Quiet Detail Everyone Overlooked In Sinners (2025);8639494;06/10/2025
How Deadpool “Accidently” Got The Golden Deagles in Deadpool & Wolverine (2024);894;06/10/2025
Deadpool had no idea Nicepool couldn't Regenerate - Deadpool & Wolverine (2024);399;06/10/2025
When Wolverine Finally Puts On The Iconic Classic Mask - Deadpool & Wolverine (2024);7688;06/10/2025
This is How Captain Jack Became A Pirate - Pirates Of The Caribbean At Worlds End Deleted Scene;1967;06/10/2025
Imagine Standing Up to a Bully and the Whole School Hates You For It - Spider-Man (2002);4916;05/10/2025
You Missed This Spider-Man (2002) Easter Egg in Deadpool & Wolverine (2024);19425;05/10/2025
Be Careful Who You Bully — They Might Become Spider-Man | Spider Man Movie (2002);427;05/10/2025
Deadpool vs Wolverine Rematch We Always Wanted Since X-Men Origins: Wolverine. Wolverine & Deadpool;36176;05/10/2025
In Fallout (2024) As the Nuke Is Going Off, The Horror hits Harder When You Realize;242976;02/10/2025
Harry Potter and the Deathly Hallows (2011) From Lily saving Harry, to Narcissa sparing him for;4071;02/10/2025
In Gotham (2014) I Love How Greenwood Went First, Pulled The Trigger & Instantly Flinched But Then..;42773;02/10/2025
In Hitman (2007) Theres a Moment Where Four Assassins Face Off In A Gun Standoff..;2279;02/10/2025
In Avengers Infinity War (2018) The Ancient One's Absence Says It All, Thanos Only Made His Move;948;02/10/2025
In Bruce Almighty (2003) This Scene Remains As One Of The Funniest Movie Scenes Ever;1761;02/10/2025
In The Addams Family (1991) Gomez & Morticia Were a Thousand Times More Romantic Than Any Couple;5266;02/10/2025
In Dune Part 2 (2024) That Psychotic Laugh As he Watches The Blade Inch Toward His Face Is Madness;627;01/10/2025
In Dune Part 2 (2024) In The Novel, This Guy Was Such a Skilled Fighter That Feyd Had To Use a;8957;01/10/2025
The Most Iconic Jack Sparrow Scene In Pirates of The Caribbean Dead Men Tell No Tales (2017);283932;01/10/2025
The Compass That Defined Jack Sparrow’s Destiny - Pirates of The Caribbean;29586;01/10/2025
The Ex-Wife Wasn’t Broken After All - Iron Man 2 (2010);58187;29/09/2025
Dogs Carried Harder Than the Cast in The Last of Us (2025);32531;28/09/2025
In Deadpool & Wolverine (2024) I Like To Imagine Both Of Them Actually Enjoyed This Fight Van Scene;1289;28/09/2025
The Hidden Meaning Behind Jack Sparrow’s Hat, Coat, and Weapons - Pirates of The Caribbean;1403761;27/09/2025
The Bride! (2026) Shot to the Top Of My Watch List;23907;27/09/2025
Jack Nicholson Was Once a Firefighter Before Acting in The Shining (1980);987;27/09/2025
The Franchise That Haunted a Generation | The Conjuring: Last Rites;877;26/09/2025
This Scene Still Owns Horror After Last Rites | The Conjuring (2013);29862;26/09/2025
The Moment Vader Proved Absolute Dominance - Obi Wan Kenobi (2022);21065;26/09/2025
The Table Flip That Said It All In Freddy vs Jason (2003);1021;26/09/2025
The Secret to Jason’s Immortality: Zombie + Deadpool Regen - In Freddy vs Jason (2003);39820;26/09/2025
Marvel Zombies (2025) Just Gave Us Blade + Moon Knight;2794;25/09/2025
Never knew The Predator (2018) had comedy spin-offs;877;25/09/2025
Watching Shang-Chi Finally Regain Control of the Rings Gave Me Goosebumps;931;25/09/2025
The Dignity of Xavier’s Last Moments - X-Men The Last Stand (2006);3573;24/09/2025
The Nightmare Dimension Hidden in Pennywise’s Smile | It (2017);4117;24/09/2025
The Short Bautista Cameo Everyone Will Remember in The Naked Gun (2025);579;24/09/2025
In 1917 (2019) During the Battlefield Run Scene, The Collisions With Other Soldiers Weren't Scripted;54549;24/09/2025
How Jack Sparrow Outsmarted the Royal Navy With a Lobster Trap | Pirates of the Caribbean 2003;3674611;24/09/2025
Jack Sparrow Pulled the First Uno Reverse Card on the Royal Navy | Pirates of the Caribbean;59052;24/09/2025
The Secret Behind Davy Jones’ Menace: It Wasn’t the CGI | Pirates of the Caribbean Dead Mans Chest;86204;23/09/2025
Why Bill Nighy as Davy Jones Remains the Greatest Casting in Pirates History | Dead Mans Chest;57753;23/09/2025
Why Wolverine’s Powers Are Pure Torture;46576;23/09/2025
In Heat (1995) The Bank Scene Has Been Rated As The Most Realistic Firefight In Movie history;45437;17/09/2025
In Heat (1995), The Legendary Bank Shootout Hides A Small Detail;48254;17/09/2025
In Annihilation (2018) The Alien double in the lighthouse wasn't just CGI, It was a Balle Dancer;52116;17/09/2025
In Annihilation, The Humanoid Alien Mimics Lena's Every Move;55092;17/09/2025
In Pirates of the Caribbean At Worlds End, Barbossa's Hat Kept Getting Blown Off By The Wind;1390660;17/09/2025
During The Filming of Pirates of the Caribbean: At Worlds End, Elizabeth & Barbossa Couldn't Catch;3489319;17/09/2025
During the filming of Pirates Of The Caribbean At Worlds End Johnny Accidently Drank Real Rum On Set;13186960;16/09/2025
In Deadpool & Wolverine (2024) Gambit Talks Like Hes Speaking A Whole New Language;41492;16/09/2025
In Jurassic World (2015) You Can Actually See Zara's Hand Inside The Mosasaur's Mouth;50422;16/09/2025
Weapons (2025) Gas Station Scene Easily one of the Scariest;42774;16/09/2025
In Scarface, Tony Montana Eats A Lemon From The Finger Cleaning Bowl;44826;15/09/2025
In Deadpool & Wolverine (2024) His Dancing Stunt Double Gets Recognized as Dancepool In the Credits;760909;15/09/2025
In Smile 2 (2024) Did You Know This Nightmare Monster In Smile 2 Wasn't Just CGI?;5977175;15/09/2025
In I Am Legend (2007) This Was The Ending The Story Truly Needed;44957;14/09/2025
In Bullet Train (2022) White Death's Cruelty came From Faith;44029;14/09/2025
In Loki (2023) Did Loki's Frost giant Blood Save Him?;41144;14/09/2025
In Captain America, Brave New World (2025) This Hulk Was Actually Scary;40189;13/09/2025
In Captain American: Brave New World (2025) This Is The Hulk Fans Want To See;76798;13/09/2025
In Shin Godzilla (2016) Godzilla's Form Is Nightmare Fuel;40225;13/09/2025
Sorcerer Supreme Showdown — Krugarr or Doctor Strange? Guardians Of The Galaxy Vol 3;158593;12/09/2025
In Kick-Ass 2 (2013) Craziest Battle Scene Is Like Mortal Kombat;42826;12/09/2025
In Bullet Train (2022) White Death Loses It & It Bites Him In The Back;62936;12/09/2025
In Kingsman: The Secret Service The Underwater Test;49639;12/09/2025
In Peacemaker (2022) Once The Helmet Activates, You're Basically a Projectile With No Control;41744;12/09/2025
In Avengers: Endgame (2019) Rockets Sudden Boo to scare Tony & Bruce Wasn't In The Script;40311;12/09/2025
In Pirates of the Caribbean: At Worlds End (2007) Tom Hollander swore & Jack Sparrow Corrected him;252606;12/09/2025
In Deadpool & Wolverine (2024) Dancepool Shows His Moves in Opening Scene;41017;11/09/2025
Deadpools Blade Joke Hits Different Now That The Remake Got Canned;157503;11/09/2025
In Rogue One (2016) Did You Notice This Hidden Vader Detail?;54632;11/09/2025
"In Ahsoka (2023), Anakin's line ""You Lack Conviction"" hits hard";630862;11/09/2025
In Den of Thieves (2018) They Put a Negotiator On the Phone & He Did This.;42432;10/09/2025
In The Dark Knight (2008) Joker Manipulated His Partner During a Bank Heist;42233;10/09/2025
In Deadpool (2016) Colossus Being a Gentleman Bites Him In The Butt;45800;10/09/2025
In Guardians of the Galaxy Vol 3. (2003) - Groot Turns Into A Walking Armory With Star Lord;31934;10/09/2025
In Fantastic 4: Rise of the Silver Surfer (2007) Silver Surfer Had a Coffee Break Mid Fight;44111;09/09/2025
In Gladiator (2000) Ridley Scott Was Given Permission To Film Opening Battle Scene, In Exchange For;43864;09/09/2025
"In The Dark Knight Rises (2012) This Dude Really Said "" Bane Told Me To Stay """;43571;08/09/2025
In Hulk (2003) Hulk Gets Bit In The Jewels By A Dog & Returns The Favor;57544;08/09/2025
In 21 Jumpstreet (2014) Eric Ruined His Opportunity To Go To Berkeley;42238;08/09/2025
In X-Men: The Last Stand (2006) Wolverine Outsmarts a Mutant with Regenerative Abilities;24885;07/09/2025
In Hulk (2003) He Was Originally Portrayed As Growing In Proportion To His Anger, But That Concept;44457;07/09/2025
In Transformers Dark of the Moon (2011), The VFX Team built driller with up to 77,000 Moving Parts;37554;07/09/2025
"In The Dark Knight Rises (2012): I Finally Understand What Bane Meant When He Said ""For You""";57675;07/09/2025
In Spider-Man: Far From Home, Mysterio Dives in To Save Peter From The Fire Monster;32856;07/09/2025
In The Last Samurai (2003), Bob Comes in To Save Captain Nathan;35969;06/09/2025
In Ahsoka (2023) After 20 Years, Anakin Is Still A Goat With The Saber;19244674;06/09/2025
In Extraction 2 (2023) They Threw A Molotov At a Riot Shield, Lighting Tyler's Hand on Fire Mid;29939;06/09/2025
Deadpool’s New MCU Suit | Not Just a Costume, a Statement;527264;05/09/2025
In Deadpool & Wolverine (2024) Gambit Makes a Name Fo Himself;38714;05/09/2025
Deadpool Finds The Best Alt Wolverine;115980;05/09/2025
Deadpool Expresses His Gratitude to Fox;466639;05/09/2025
In Deadpool & Wolverine (2024) Deadpool relives a childhood memory;8500568;04/09/2025
In The Falcon and The Winter Soldier (2021) John Walker Forges His Own Shield Welding His Medal of;38350;04/09/2025
In Deadpool & Wolverine 2024 That F Bomb followed by the Goo Goo Dolls had me dead;798659;04/09/2025
In gladiator 2 (2024) Pedro Pascual gets a roman acupuncture with arrows.;38564;04/09/2025
In The Mummy (1999) Imhotep Runs from a Cat because Egyptians Saw them as sacred to bastet;37551;04/09/2025
In John Wick: Chapter 4 (2023) Caine Speaks to Wick not for conversation but to bait out a reply;44086;02/09/2025
In Peacemaker 2025, The kryphotic alien nearly roasts his pet before chris and vigilante step in;42465;02/09/2025
Sam from Brave New World Destroys Oncoming Missile;41093;02/09/2025
In American Gods (2017) One Warrior Gets Turned Into a Walking Pincushion and his brothers steps;22552;31/08/2025
In Loki 2021, End of File, The reel of his life ends not with thanos but with thor embracing him;60658;31/08/2025
In Obi Wan Kenobi (2022) Nax, a 501st Veteran Who Fought Through The Entire Clone War, Recognizes;202341;31/08/2025
In Captain America Brave New World (2025) Falcon Went From A Supersonic Dive To a Deadstop in..;43386;30/08/2025
Why Did Bully Maguire Become a Meme?;62997;28/08/2025
In Doctor Strange: Multiverse of Madness (2022) It Never Made Sense That Black Bolt's Voice Only Hit;43910;28/08/2025
In Ministry of Ungentlemanly Warfare (2024) Alan Ritchson Sends Arrows Like Artillery Shells;22031;27/08/2025
In Cars 2 (2011) an American Spy Car is interrogated until..;44132;27/08/2025
In Superman (2025) I thought he was about to accidentally vaporize half the city spinning;1325;26/08/2025
In Superman (2025) Guy Gardner Once Again Proves Why He's The Weakest Green Lantern;1582;26/08/2025
In Deadpool And Wolverine (2024) Deadpool Basically Turned into every fan in the theater for..;120403;25/08/2025
In Superman: Legacy (2025) the Engineer never stood a chance She barely landed one hit before;1549;25/08/2025
In Predator: Badlands (2025), Elle Fanning’s Android Reveal Shocks the Predator;55362;24/08/2025
